age,job,marital,education,default,housing,loan,contact,month,day_of_week,campaign,pdays,previous,poutcome,emp.var.rate,cons.price.idx,cons.conf.idx,euribor3m,nr.employed,y_true,y_score,segment_id,model
82,housemaid,married,basic.4y,no,no,no,telephone,sep,tue,3,3,2,success,-1.1,94.199,-37.5,0.877,4963.6,1,0.9467953093073926,2,CatBoost
81,retired,divorced,basic.4y,no,no,no,cellular,sep,wed,2,7,1,success,-1.1,94.199,-37.5,0.886,4963.6,1,0.9285454807995048,2,CatBoost
59,admin.,divorced,high.school,no,no,no,cellular,nov,thu,3,3,2,success,-1.1,94.767,-50.8,1.05,4963.6,1,0.9219520851847788,2,CatBoost
62,admin.,married,high.school,no,no,no,cellular,oct,tue,1,4,3,success,-1.1,94.601,-49.5,1.037,4963.6,1,0.9172787709087098,2,CatBoost
85,retired,married,basic.4y,no,no,no,cellular,sep,tue,1,3,2,success,-1.1,94.199,-37.5,0.881,4963.6,1,0.9092233213576009,2,CatBoost
69,retired,married,high.school,no,yes,yes,cellular,sep,wed,1,6,2,success,-1.1,94.199,-37.5,0.886,4963.6,1,0.9088552206987958,2,CatBoost
41,admin.,married,unknown,no,no,no,cellular,sep,wed,1,7,3,success,-1.1,94.199,-37.5,0.886,4963.6,1,0.8990429985002223,0,CatBoost
84,retired,divorced,unknown,unknown,no,no,cellular,sep,tue,1,3,2,success,-1.1,94.199,-37.5,0.877,4963.6,1,0.8967915406240491,2,CatBoost
48,technician,married,professional.course,no,no,no,cellular,oct,thu,1,6,3,success,-1.1,94.601,-49.5,0.987,4963.6,1,0.8918221121210496,0,CatBoost
60,admin.,married,unknown,no,no,no,cellular,nov,tue,1,7,2,success,-1.1,94.767,-50.8,1.046,4963.6,1,0.8914969918147759,0,CatBoost
74,retired,married,university.degree,no,yes,no,cellular,oct,fri,2,3,2,success,-1.1,94.601,-49.5,0.993,4963.6,0,0.8888977314249313,2,CatBoost
65,retired,married,basic.4y,no,yes,no,cellular,oct,wed,1,3,3,success,-1.1,94.601,-49.5,1.043,4963.6,1,0.8878928243193259,2,CatBoost
62,retired,married,university.degree,no,yes,no,cellular,nov,thu,1,1,6,success,-1.1,94.767,-50.8,1.031,4963.6,1,0.8869868334127052,2,CatBoost
86,retired,married,unknown,unknown,yes,yes,cellular,sep,tue,1,7,4,success,-1.1,94.199,-37.5,0.877,4963.6,1,0.8830848227537441,2,CatBoost
66,retired,married,unknown,no,yes,no,cellular,sep,tue,2,6,1,success,-1.1,94.199,-37.5,0.881,4963.6,1,0.8825632825745636,2,CatBoost
32,services,single,university.degree,no,yes,no,cellular,sep,thu,1,6,3,success,-1.1,94.199,-37.5,0.884,4963.6,1,0.8818564874123637,0,CatBoost
81,retired,divorced,basic.4y,no,yes,no,cellular,oct,thu,2,3,2,success,-1.1,94.601,-49.5,0.987,4963.6,0,0.8785202719995828,2,CatBoost
57,admin.,married,university.degree,no,unknown,unknown,cellular,oct,wed,2,3,2,success,-1.1,94.601,-49.5,0.959,4963.6,1,0.8764948625868315,0,CatBoost
82,retired,divorced,basic.4y,no,yes,no,cellular,nov,tue,2,3,1,success,-3.4,92.649,-30.1,0.715,5017.5,1,0.8758115953144265,2,CatBoost
63,retired,married,basic.4y,no,yes,no,cellular,nov,fri,1,3,2,success,-1.1,94.767,-50.8,1.049,4963.6,1,0.8725444686282896,2,CatBoost
63,admin.,married,university.degree,no,yes,no,cellular,oct,thu,2,6,1,success,-1.1,94.601,-49.5,0.987,4963.6,0,0.871745434326927,2,CatBoost
34,technician,married,unknown,no,no,no,cellular,nov,tue,1,6,2,success,-1.1,94.767,-50.8,1.046,4963.6,1,0.8711975616085423,0,CatBoost
88,retired,divorced,basic.4y,no,no,no,cellular,oct,wed,2,6,1,success,-3.4,92.431,-26.9,0.735,5017.5,1,0.869418624922331,2,CatBoost
74,retired,divorced,basic.4y,no,yes,no,cellular,oct,mon,3,3,2,success,-1.1,94.601,-49.5,1.0,4963.6,0,0.8687874085084021,2,CatBoost
59,admin.,married,university.degree,no,no,yes,cellular,sep,wed,1,3,1,success,-1.1,94.199,-37.5,0.886,4963.6,1,0.8669178876444127,0,CatBoost
80,retired,divorced,unknown,no,yes,yes,cellular,nov,fri,2,3,1,success,-3.4,92.649,-30.1,0.714,5017.5,1,0.8667298676948543,2,CatBoost
37,technician,single,professional.course,no,yes,no,cellular,nov,wed,1,6,4,success,-1.1,94.767,-50.8,1.044,4963.6,1,0.8659338401329654,0,CatBoost
32,admin.,single,university.degree,no,yes,no,cellular,sep,thu,2,10,3,success,-1.1,94.199,-37.5,0.884,4963.6,1,0.8658956223099398,0,CatBoost
65,retired,married,basic.4y,no,yes,yes,cellular,oct,wed,1,3,3,success,-1.1,94.601,-49.5,0.985,4963.6,1,0.8641166105882703,2,CatBoost
31,student,single,unknown,no,unknown,unknown,cellular,sep,wed,2,6,2,success,-1.1,94.199,-37.5,0.88,4963.6,1,0.8624803814140563,0,CatBoost
37,admin.,married,university.degree,no,no,no,cellular,sep,wed,2,6,2,success,-1.1,94.199,-37.5,0.886,4963.6,1,0.8618493544481785,0,CatBoost
79,retired,married,basic.4y,no,yes,no,cellular,nov,tue,1,3,1,success,-3.4,92.649,-30.1,0.715,5017.5,1,0.8604617193772948,2,CatBoost
28,self-employed,single,university.degree,no,yes,no,cellular,nov,thu,2,6,3,success,-1.1,94.767,-50.8,1.041,4963.6,0,0.8603426677897658,0,CatBoost
70,retired,married,professional.course,no,no,no,cellular,oct,thu,1,6,3,success,-1.1,94.601,-49.5,0.987,4963.6,1,0.8601575923281993,2,CatBoost
62,retired,married,university.degree,no,no,no,cellular,nov,thu,2,6,3,success,-1.1,94.767,-50.8,1.031,4963.6,1,0.860030222653142,2,CatBoost
34,technician,married,unknown,no,yes,no,cellular,nov,tue,1,1,4,success,-1.1,94.767,-50.8,1.046,4963.6,0,0.8592918306746297,0,CatBoost
41,unemployed,married,basic.9y,no,no,no,cellular,nov,thu,2,3,2,success,-1.1,94.767,-50.8,1.041,4963.6,1,0.855702389159649,0,CatBoost
56,technician,divorced,professional.course,no,no,no,cellular,oct,mon,1,3,2,success,-1.1,94.601,-49.5,1.0,4963.6,1,0.8550842595907764,0,CatBoost
60,blue-collar,married,basic.4y,no,yes,no,cellular,nov,tue,2,4,1,success,-1.1,94.767,-50.8,1.035,4963.6,0,0.8528008865302403,2,CatBoost
37,housemaid,married,university.degree,no,no,no,cellular,oct,thu,1,6,2,success,-1.1,94.601,-49.5,1.025,4963.6,1,0.8522989598772308,0,CatBoost
82,retired,married,university.degree,unknown,no,no,cellular,sep,mon,3,3,4,success,-1.1,94.199,-37.5,0.879,4963.6,0,0.851829849132161,2,CatBoost
60,retired,married,high.school,no,no,no,cellular,sep,wed,1,6,1,success,-1.1,94.199,-37.5,0.876,4963.6,1,0.8482936670327692,0,CatBoost
59,management,married,university.degree,no,yes,no,cellular,dec,thu,3,6,1,success,-3.0,92.713,-33.0,0.7,5023.5,0,0.8454287558869118,0,CatBoost
24,student,single,unknown,no,yes,no,cellular,sep,wed,1,5,1,success,-1.1,94.199,-37.5,0.886,4963.6,1,0.8449617885360806,0,CatBoost
54,admin.,married,high.school,no,no,no,cellular,oct,wed,2,6,2,success,-1.1,94.601,-49.5,0.985,4963.6,1,0.8447550237622165,0,CatBoost
41,unemployed,married,high.school,no,no,no,cellular,sep,wed,1,6,3,success,-1.1,94.199,-37.5,0.879,4963.6,1,0.844095128956125,0,CatBoost
34,technician,married,unknown,no,yes,no,cellular,nov,tue,1,3,1,success,-1.1,94.767,-50.8,1.046,4963.6,1,0.8439818118315469,0,CatBoost
81,retired,married,university.degree,unknown,yes,yes,cellular,oct,tue,2,6,1,success,-3.4,92.431,-26.9,0.728,5017.5,0,0.8435052334378036,2,CatBoost
22,student,single,high.school,no,no,no,cellular,sep,wed,3,5,1,success,-1.1,94.199,-37.5,0.886,4963.6,1,0.8415936787786523,0,CatBoost
64,housemaid,married,basic.4y,no,no,no,cellular,dec,thu,1,6,2,success,-3.0,92.713,-33.0,0.714,5023.5,1,0.8411179982086917,2,CatBoost
37,management,married,university.degree,no,yes,no,cellular,oct,thu,3,5,5,success,-1.1,94.601,-49.5,1.025,4963.6,1,0.8408142839013565,0,CatBoost
35,technician,divorced,basic.4y,no,yes,no,cellular,nov,tue,3,4,2,success,-1.1,94.767,-50.8,1.035,4963.6,1,0.8405879300359093,0,CatBoost
77,retired,married,unknown,no,yes,no,cellular,nov,fri,1,3,1,success,-3.4,92.649,-30.1,0.714,5017.5,1,0.8401828922612539,2,CatBoost
37,management,married,university.degree,no,yes,no,cellular,oct,thu,3,3,3,success,-1.1,94.601,-49.5,1.025,4963.6,1,0.8401479423404459,0,CatBoost
58,admin.,married,high.school,no,no,no,cellular,sep,thu,1,6,1,success,-1.1,94.199,-37.5,0.878,4963.6,1,0.8392140468493876,0,CatBoost
83,retired,divorced,basic.4y,no,no,no,cellular,nov,tue,1,3,3,success,-3.4,92.649,-30.1,0.716,5017.5,1,0.8376121379922965,2,CatBoost
60,admin.,married,professional.course,no,yes,yes,cellular,sep,thu,1,6,1,success,-1.1,94.199,-37.5,0.879,4963.6,1,0.836648563029571,0,CatBoost
74,retired,married,basic.9y,no,yes,no,cellular,oct,thu,2,6,1,success,-3.4,92.431,-26.9,0.74,5017.5,1,0.8362273900454752,2,CatBoost
68,retired,married,basic.4y,no,yes,no,cellular,oct,tue,1,6,2,success,-3.4,92.431,-26.9,0.728,5017.5,1,0.8351065155474526,2,CatBoost
57,management,married,university.degree,no,no,no,cellular,sep,fri,2,6,2,success,-1.1,94.199,-37.5,0.883,4963.6,1,0.8349746655863672,0,CatBoost
85,retired,divorced,basic.4y,unknown,yes,no,cellular,dec,mon,3,6,1,success,-3.0,92.713,-33.0,0.715,5023.5,1,0.8333010583266827,2,CatBoost
60,retired,married,university.degree,no,no,no,cellular,sep,thu,2,6,1,success,-1.1,94.199,-37.5,0.884,4963.6,1,0.833197633209718,0,CatBoost
38,blue-collar,single,high.school,no,yes,no,cellular,sep,wed,1,6,3,success,-1.1,94.199,-37.5,0.879,4963.6,1,0.8312262212365944,0,CatBoost
29,admin.,single,university.degree,no,yes,no,cellular,sep,thu,2,8,2,success,-1.1,94.199,-37.5,0.878,4963.6,0,0.830301313997243,0,CatBoost
47,technician,married,basic.6y,no,no,no,cellular,sep,mon,2,6,3,success,-1.1,94.199,-37.5,0.882,4963.6,0,0.8302317354734642,0,CatBoost
73,retired,divorced,high.school,no,no,yes,cellular,dec,tue,3,6,2,success,-3.0,92.713,-33.0,0.707,5023.5,1,0.8300909936679407,2,CatBoost
29,admin.,single,high.school,no,yes,no,cellular,sep,thu,1,6,2,success,-1.1,94.199,-37.5,0.879,4963.6,1,0.8292508000813112,0,CatBoost
29,technician,married,professional.course,no,yes,no,cellular,oct,fri,1,5,2,success,-1.1,94.601,-49.5,0.972,4963.6,1,0.8286010223777013,0,CatBoost
69,retired,married,basic.4y,no,no,no,cellular,sep,mon,3,6,1,success,-1.1,94.199,-37.5,0.879,4963.6,0,0.8278008658675982,2,CatBoost
30,management,married,university.degree,no,no,yes,cellular,oct,wed,1,6,1,success,-1.1,94.601,-49.5,1.043,4963.6,1,0.8273060855509898,0,CatBoost
78,retired,divorced,basic.4y,no,yes,no,cellular,nov,fri,2,3,1,success,-3.4,92.649,-30.1,0.714,5017.5,1,0.8272859093664973,2,CatBoost
70,admin.,married,basic.4y,no,no,no,cellular,sep,tue,1,3,1,success,-3.4,92.379,-29.8,0.77,5017.5,0,0.8269710713507247,2,CatBoost
37,housemaid,married,university.degree,no,no,no,cellular,oct,thu,2,11,4,success,-1.1,94.601,-49.5,1.025,4963.6,1,0.8266918783557422,0,CatBoost
58,admin.,married,university.degree,no,no,no,cellular,sep,thu,4,6,1,success,-1.1,94.199,-37.5,0.878,4963.6,1,0.8266205389112448,0,CatBoost
44,management,married,university.degree,no,no,no,cellular,sep,wed,1,3,3,success,-1.1,94.199,-37.5,0.88,4963.6,1,0.8247646448484929,0,CatBoost
72,retired,married,basic.4y,no,no,no,cellular,oct,fri,1,6,1,success,-3.4,92.431,-26.9,0.72,5017.5,0,0.8242091275041794,2,CatBoost
24,student,single,high.school,no,yes,yes,cellular,sep,wed,2,6,2,success,-1.1,94.199,-37.5,0.876,4963.6,1,0.8241080229700887,0,CatBoost
67,unknown,divorced,unknown,unknown,yes,no,cellular,sep,wed,2,6,2,success,-1.1,94.199,-37.5,0.88,4963.6,1,0.8236419626304379,2,CatBoost
33,admin.,single,university.degree,no,yes,no,cellular,oct,thu,1,3,3,success,-1.1,94.601,-49.5,1.025,4963.6,1,0.8233010951897681,0,CatBoost
34,technician,married,professional.course,no,yes,yes,cellular,sep,fri,1,6,3,success,-1.1,94.199,-37.5,0.883,4963.6,0,0.8230960065996152,0,CatBoost
54,services,divorced,high.school,no,yes,yes,cellular,oct,wed,4,3,1,success,-1.1,94.601,-49.5,1.016,4963.6,1,0.8229845664548306,0,CatBoost
74,retired,married,professional.course,no,yes,no,cellular,oct,thu,2,3,1,success,-3.4,92.431,-26.9,0.74,5017.5,0,0.8227598549340365,2,CatBoost
83,retired,married,professional.course,no,yes,no,cellular,oct,fri,2,4,1,success,-3.4,92.431,-26.9,0.752,5017.5,1,0.822419046771722,2,CatBoost
66,retired,married,basic.4y,unknown,unknown,unknown,cellular,oct,wed,1,6,3,success,-1.1,94.601,-49.5,0.985,4963.6,1,0.8218162724774271,2,CatBoost
62,housemaid,married,university.degree,no,yes,no,cellular,nov,thu,1,3,3,success,-3.4,92.649,-30.1,0.714,5017.5,0,0.8179595995656841,2,CatBoost
54,admin.,divorced,university.degree,no,yes,no,cellular,oct,wed,2,6,2,success,-3.4,92.431,-26.9,0.735,5017.5,0,0.8174926938003574,0,CatBoost
51,admin.,married,university.degree,no,yes,yes,cellular,oct,thu,3,3,1,success,-1.1,94.601,-49.5,0.965,4963.6,1,0.8174195226058723,0,CatBoost
35,technician,divorced,basic.4y,no,yes,no,cellular,nov,tue,1,9,4,success,-1.1,94.767,-50.8,1.035,4963.6,1,0.8163147305796113,0,CatBoost
35,technician,married,professional.course,no,yes,yes,cellular,oct,wed,1,9,2,failure,-1.1,94.601,-49.5,0.959,4963.6,1,0.8163081457311543,0,CatBoost
59,admin.,married,unknown,no,yes,yes,cellular,sep,mon,3,3,1,success,-3.4,92.379,-29.8,0.797,5017.5,1,0.816112086896581,0,CatBoost
71,retired,married,basic.4y,no,yes,yes,cellular,oct,tue,1,6,1,success,-3.4,92.431,-26.9,0.728,5017.5,0,0.8150140573569996,2,CatBoost
65,retired,married,high.school,no,yes,yes,cellular,oct,fri,2,12,1,success,-1.1,94.601,-49.5,1.029,4963.6,1,0.814344062808292,2,CatBoost
54,admin.,married,professional.course,no,no,no,cellular,nov,tue,2,10,1,success,-1.1,94.767,-50.8,1.035,4963.6,1,0.8138278171811916,0,CatBoost
37,housemaid,married,university.degree,no,no,no,cellular,oct,thu,2,13,2,success,-1.1,94.601,-49.5,1.025,4963.6,1,0.8137120138123556,0,CatBoost
67,admin.,married,basic.4y,unknown,no,no,cellular,oct,thu,2,2,2,success,-3.4,92.431,-26.9,0.722,5017.5,1,0.8134275625145058,2,CatBoost
79,retired,married,basic.4y,no,no,yes,cellular,nov,tue,2,3,1,success,-3.4,92.649,-30.1,0.715,5017.5,1,0.8127702859909699,2,CatBoost
30,technician,married,professional.course,no,yes,no,cellular,oct,mon,1,9,2,success,-1.1,94.601,-49.5,1.032,4963.6,1,0.8114659628944392,0,CatBoost
70,retired,married,basic.4y,no,no,no,cellular,sep,tue,1,3,2,success,-3.4,92.379,-29.8,0.77,5017.5,1,0.8113514147003007,2,CatBoost
78,retired,divorced,basic.4y,no,yes,no,cellular,nov,thu,1,3,1,success,-3.4,92.649,-30.1,0.714,5017.5,0,0.8099426993875014,2,CatBoost
23,student,single,high.school,no,no,yes,cellular,sep,thu,2,3,2,success,-1.1,94.199,-37.5,0.878,4963.6,1,0.8096612265217265,0,CatBoost
34,technician,married,professional.course,no,unknown,unknown,cellular,sep,fri,1,6,4,success,-1.1,94.199,-37.5,0.883,4963.6,0,0.8094212602366435,0,CatBoost
64,unknown,married,unknown,no,no,no,cellular,nov,mon,1,3,3,success,-1.1,94.767,-50.8,1.048,4963.6,0,0.808410362143316,2,CatBoost
28,management,single,university.degree,no,yes,no,cellular,sep,wed,3,6,1,success,-1.1,94.199,-37.5,0.88,4963.6,1,0.807595826969824,0,CatBoost
42,management,married,university.degree,no,yes,no,cellular,sep,wed,1,3,2,success,-1.1,94.199,-37.5,0.886,4963.6,1,0.8072394694107418,0,CatBoost
47,management,married,university.degree,no,no,no,cellular,sep,thu,1,17,2,success,-1.1,94.199,-37.5,0.884,4963.6,1,0.8072116250013441,0,CatBoost
36,management,divorced,university.degree,no,no,no,cellular,sep,tue,3,6,1,success,-1.1,94.199,-37.5,0.881,4963.6,1,0.8053128418865142,0,CatBoost
56,admin.,married,university.degree,no,yes,no,cellular,sep,thu,2,3,2,success,-3.4,92.379,-29.8,0.778,5017.5,1,0.8051719424236649,0,CatBoost
35,admin.,married,university.degree,no,no,no,cellular,oct,wed,1,3,2,success,-1.1,94.601,-49.5,0.985,4963.6,1,0.8050479879284704,0,CatBoost
55,services,married,basic.9y,no,yes,no,cellular,dec,wed,1,6,1,success,-3.0,92.713,-33.0,0.715,5023.5,1,0.8050274833701201,0,CatBoost
72,admin.,married,university.degree,unknown,no,yes,cellular,oct,tue,1,6,1,success,-3.4,92.431,-26.9,0.728,5017.5,1,0.8047801026914044,2,CatBoost
83,retired,divorced,basic.4y,no,no,no,cellular,sep,thu,1,9,3,success,-1.1,94.199,-37.5,0.879,4963.6,1,0.8039564573908533,0,CatBoost
36,management,divorced,university.degree,no,yes,no,cellular,sep,tue,1,6,1,success,-1.1,94.199,-37.5,0.881,4963.6,1,0.8024827472674884,0,CatBoost
23,student,single,high.school,no,no,no,cellular,oct,wed,1,3,1,success,-1.1,94.601,-49.5,1.043,4963.6,0,0.8020985987500041,0,CatBoost
32,technician,married,basic.9y,no,yes,no,cellular,sep,wed,1,6,1,success,-1.1,94.199,-37.5,0.879,4963.6,1,0.8019830612475417,0,CatBoost
65,retired,married,basic.4y,no,no,no,cellular,oct,fri,2,7,3,success,-1.1,94.601,-49.5,0.993,4963.6,1,0.8017741494231093,2,CatBoost
57,admin.,divorced,high.school,no,no,no,cellular,sep,tue,1,3,5,success,-1.1,94.199,-37.5,0.877,4963.6,1,0.8007665219289052,0,CatBoost
53,management,divorced,university.degree,no,no,no,cellular,sep,tue,2,3,2,success,-1.1,94.199,-37.5,0.877,4963.6,1,0.8005653070547073,0,CatBoost
70,admin.,married,basic.4y,no,yes,yes,cellular,sep,tue,1,3,1,success,-3.4,92.379,-29.8,0.77,5017.5,1,0.7987962671422667,2,CatBoost
41,unemployed,married,high.school,no,yes,yes,cellular,sep,wed,1,6,1,success,-1.1,94.199,-37.5,0.879,4963.6,1,0.7974409097798927,0,CatBoost
43,unemployed,married,basic.9y,no,no,no,cellular,sep,fri,2,9,1,success,-1.1,94.199,-37.5,0.883,4963.6,1,0.7973454329972884,0,CatBoost
72,retired,married,basic.4y,no,no,no,cellular,sep,fri,1,3,2,success,-3.4,92.379,-29.8,0.803,5017.5,1,0.7971679832353964,2,CatBoost
65,management,married,unknown,no,no,no,cellular,dec,wed,2,9,1,success,-3.0,92.713,-33.0,0.715,5023.5,1,0.7962987186427608,2,CatBoost
33,technician,married,unknown,no,yes,yes,cellular,sep,thu,1,9,3,failure,-1.1,94.199,-37.5,0.879,4963.6,1,0.7957842942404906,0,CatBoost
68,retired,divorced,high.school,no,yes,yes,cellular,oct,mon,1,3,1,success,-1.1,94.601,-49.5,1.0,4963.6,1,0.795564032414872,2,CatBoost
34,admin.,married,professional.course,no,no,no,cellular,sep,tue,1,3,3,success,-1.1,94.199,-37.5,0.877,4963.6,1,0.7953277009424539,0,CatBoost
55,admin.,married,professional.course,no,yes,no,cellular,dec,thu,1,9,2,success,-3.0,92.713,-33.0,0.714,5023.5,1,0.7943597762304807,0,CatBoost
26,student,single,unknown,no,yes,yes,cellular,sep,thu,1,3,1,success,-3.4,92.379,-29.8,0.809,5017.5,1,0.7941168380072738,0,CatBoost
49,technician,divorced,professional.course,no,yes,no,cellular,oct,fri,2,3,1,success,-1.1,94.601,-49.5,0.972,4963.6,1,0.7939382859866553,0,CatBoost
38,technician,single,professional.course,no,yes,no,cellular,sep,thu,2,6,1,success,-1.1,94.199,-37.5,0.879,4963.6,1,0.7937607477628489,0,CatBoost
45,unemployed,married,high.school,no,no,no,cellular,sep,wed,4,6,2,success,-1.1,94.199,-37.5,0.88,4963.6,0,0.7930745407807588,0,CatBoost
32,technician,married,professional.course,no,no,no,cellular,oct,wed,1,3,1,success,-1.1,94.601,-49.5,0.959,4963.6,1,0.7930647898752948,0,CatBoost
31,admin.,single,university.degree,no,unknown,unknown,cellular,oct,tue,1,3,1,success,-1.1,94.601,-49.5,1.008,4963.6,1,0.7930514615934582,0,CatBoost
26,self-employed,single,university.degree,no,yes,no,cellular,sep,thu,1,6,4,success,-1.1,94.199,-37.5,0.878,4963.6,0,0.7914663278578229,0,CatBoost
67,housemaid,divorced,professional.course,no,yes,no,cellular,nov,mon,2,5,5,success,-1.1,94.767,-50.8,1.039,4963.6,1,0.7912260605417353,2,CatBoost
76,retired,married,university.degree,no,yes,yes,cellular,dec,thu,2,4,2,success,-3.0,92.713,-33.0,0.712,5023.5,1,0.7912176395215437,2,CatBoost
36,unemployed,single,high.school,no,yes,no,cellular,sep,thu,1,3,1,success,-1.1,94.199,-37.5,0.879,4963.6,1,0.7910614423217148,0,CatBoost
76,retired,single,basic.4y,no,no,no,cellular,nov,mon,4,6,1,success,-3.4,92.649,-30.1,0.715,5017.5,1,0.7889322460574317,2,CatBoost
34,admin.,married,university.degree,no,no,no,cellular,nov,wed,1,3,3,success,-1.1,94.767,-50.8,1.048,4963.6,0,0.7888538476561556,0,CatBoost
45,management,married,university.degree,no,no,no,cellular,sep,wed,2,3,2,success,-1.1,94.199,-37.5,0.886,4963.6,1,0.7887132410076398,0,CatBoost
51,services,married,high.school,no,yes,no,cellular,nov,mon,3,6,3,success,-1.1,94.767,-50.8,1.05,4963.6,0,0.788651327508754,0,CatBoost
76,retired,married,basic.4y,no,yes,no,cellular,sep,wed,2,3,1,success,-3.4,92.379,-29.8,0.781,5017.5,1,0.7886085426001184,2,CatBoost
29,student,single,professional.course,no,yes,yes,cellular,nov,thu,1,7,1,success,-3.4,92.649,-30.1,0.714,5017.5,1,0.7881496991580962,0,CatBoost
60,unemployed,married,basic.4y,no,no,no,cellular,nov,thu,2,6,1,success,-3.4,92.649,-30.1,0.714,5017.5,1,0.7877977126889757,0,CatBoost
33,admin.,married,university.degree,no,yes,no,cellular,nov,fri,1,12,1,success,-1.1,94.767,-50.8,1.049,4963.6,1,0.7869488322703433,0,CatBoost
49,admin.,married,high.school,unknown,no,no,cellular,oct,wed,1,6,3,success,-1.1,94.601,-49.5,0.985,4963.6,1,0.7867639250390519,0,CatBoost
28,admin.,single,university.degree,no,no,no,cellular,oct,mon,1,3,3,success,-1.1,94.601,-49.5,1.032,4963.6,1,0.7866724648266571,0,CatBoost
51,admin.,divorced,high.school,no,yes,no,cellular,nov,tue,1,3,7,success,-1.1,94.767,-50.8,1.049,4963.6,0,0.7866417933315908,0,CatBoost
65,retired,single,university.degree,no,no,no,cellular,nov,thu,2,3,2,success,-3.4,92.649,-30.1,0.714,5017.5,1,0.7863914440290122,2,CatBoost
35,blue-collar,married,basic.9y,no,yes,no,cellular,dec,thu,1,4,3,success,-3.0,92.713,-33.0,0.707,5023.5,0,0.7862737239389856,0,CatBoost
45,admin.,married,high.school,no,yes,no,cellular,oct,fri,3,6,1,success,-1.1,94.601,-49.5,1.029,4963.6,1,0.7860758625087284,0,CatBoost
38,unemployed,single,high.school,no,yes,no,cellular,dec,fri,4,6,1,success,-3.0,92.713,-33.0,0.71,5023.5,1,0.7845468674972965,0,CatBoost
28,admin.,single,university.degree,no,yes,no,cellular,oct,mon,1,6,2,success,-1.1,94.601,-49.5,1.032,4963.6,0,0.7841780869950062,0,CatBoost
53,admin.,married,university.degree,no,no,no,cellular,dec,thu,1,6,1,success,-3.0,92.713,-33.0,0.72,5023.5,0,0.7839141032576872,0,CatBoost
65,retired,married,basic.4y,no,yes,yes,cellular,oct,mon,1,3,1,success,-1.1,94.601,-49.5,0.977,4963.6,1,0.7819731743550239,2,CatBoost
23,student,single,professional.course,no,no,no,cellular,sep,wed,2,15,1,success,-1.1,94.199,-37.5,0.876,4963.6,1,0.7813243716327882,0,CatBoost
63,unknown,married,professional.course,no,no,no,cellular,oct,thu,1,6,1,success,-1.1,94.601,-49.5,1.025,4963.6,0,0.7808290377609999,2,CatBoost
48,admin.,married,university.degree,no,yes,no,cellular,nov,mon,1,6,3,success,-1.1,94.767,-50.8,1.05,4963.6,1,0.78080290586101,0,CatBoost
30,admin.,single,high.school,no,no,no,cellular,sep,fri,3,6,1,success,-1.1,94.199,-37.5,0.883,4963.6,1,0.7807687368328124,0,CatBoost
50,blue-collar,divorced,professional.course,no,yes,no,cellular,nov,tue,2,9,3,success,-1.1,94.767,-50.8,1.049,4963.6,0,0.7804494028585254,0,CatBoost
24,student,single,unknown,no,yes,no,cellular,nov,wed,2,3,3,success,-3.4,92.649,-30.1,0.716,5017.5,1,0.7803506358419547,0,CatBoost
34,admin.,single,university.degree,no,yes,no,cellular,nov,thu,1,3,2,success,-3.4,92.649,-30.1,0.714,5017.5,1,0.7797256151924966,0,CatBoost
57,admin.,single,high.school,no,no,no,cellular,dec,mon,1,6,2,success,-3.0,92.713,-33.0,0.715,5023.5,0,0.7792092645315523,0,CatBoost
64,housemaid,married,basic.4y,no,no,yes,cellular,dec,thu,1,6,1,success,-3.0,92.713,-33.0,0.714,5023.5,0,0.7791050136565217,2,CatBoost
19,student,single,basic.4y,no,yes,no,cellular,sep,wed,2,6,3,success,-1.1,94.199,-37.5,0.876,4963.6,1,0.7788939377592254,0,CatBoost
23,student,single,professional.course,no,yes,no,cellular,sep,wed,1,8,2,success,-1.1,94.199,-37.5,0.876,4963.6,1,0.7780524215116836,0,CatBoost
59,services,married,professional.course,no,yes,no,cellular,sep,fri,3,2,4,success,-1.1,94.199,-37.5,0.883,4963.6,0,0.7776024414353487,0,CatBoost
76,retired,married,university.degree,no,no,yes,cellular,dec,thu,3,4,2,success,-3.0,92.713,-33.0,0.712,5023.5,1,0.7764445045659119,2,CatBoost
31,services,single,high.school,no,yes,no,cellular,sep,fri,2,6,1,success,-1.1,94.199,-37.5,0.879,4963.6,1,0.7752948410057674,0,CatBoost
29,technician,single,professional.course,no,no,yes,cellular,nov,fri,1,6,2,success,-1.1,94.767,-50.8,1.04,4963.6,0,0.7749722135004737,0,CatBoost
42,admin.,divorced,university.degree,no,no,no,cellular,sep,wed,1,16,1,success,-1.1,94.199,-37.5,0.886,4963.6,1,0.7744742467716592,0,CatBoost
59,housemaid,married,basic.4y,no,yes,no,cellular,oct,tue,2,6,1,success,-3.4,92.431,-26.9,0.737,5017.5,1,0.7740837889586113,0,CatBoost
29,student,single,high.school,no,yes,yes,cellular,nov,thu,1,3,3,success,-1.1,94.767,-50.8,1.05,4963.6,1,0.7737150428454375,0,CatBoost
27,technician,single,university.degree,no,yes,no,cellular,dec,tue,3,6,2,success,-3.0,92.713,-33.0,0.707,5023.5,1,0.773595691922308,0,CatBoost
63,housemaid,married,basic.4y,no,yes,no,cellular,sep,wed,1,3,1,success,-3.4,92.379,-29.8,0.749,5017.5,1,0.7728721078637492,2,CatBoost
41,technician,married,professional.course,no,no,no,cellular,oct,wed,2,27,1,success,-1.1,94.601,-49.5,0.959,4963.6,1,0.7721694838279618,1,CatBoost
65,retired,married,high.school,no,yes,no,cellular,oct,thu,5,3,1,success,-1.1,94.601,-49.5,1.025,4963.6,0,0.772032825233183,2,CatBoost
28,admin.,single,university.degree,no,no,no,cellular,oct,thu,1,17,1,success,-1.1,94.601,-49.5,0.965,4963.6,0,0.7716083323086351,1,CatBoost
62,retired,married,university.degree,no,yes,no,cellular,dec,wed,1,6,1,success,-3.0,92.713,-33.0,0.706,5023.5,1,0.7699652728067813,2,CatBoost
28,technician,single,professional.course,no,yes,no,cellular,nov,wed,2,6,1,success,-3.4,92.649,-30.1,0.716,5017.5,1,0.769564010230763,0,CatBoost
75,housemaid,divorced,basic.4y,no,no,no,telephone,nov,mon,8,3,1,success,-3.4,92.649,-30.1,0.714,5017.5,0,0.7689187265267505,2,CatBoost
21,student,single,university.degree,no,yes,no,cellular,dec,fri,3,6,1,success,-3.0,92.713,-33.0,0.71,5023.5,1,0.7665809102232813,0,CatBoost
22,student,single,high.school,no,no,no,cellular,oct,fri,3,6,1,success,-3.4,92.431,-26.9,0.73,5017.5,1,0.7661450843561008,0,CatBoost
60,retired,married,university.degree,no,no,no,cellular,dec,fri,3,6,2,success,-3.0,92.713,-33.0,0.718,5023.5,1,0.7654795202310862,0,CatBoost
34,admin.,single,high.school,no,no,no,cellular,sep,thu,1,12,1,success,-1.1,94.199,-37.5,0.879,4963.6,1,0.765439298561242,0,CatBoost
23,student,single,high.school,no,no,yes,cellular,oct,fri,1,3,1,success,-1.1,94.601,-49.5,1.029,4963.6,1,0.7653074516460185,0,CatBoost
38,admin.,married,university.degree,no,yes,no,cellular,nov,tue,1,3,3,success,-3.4,92.649,-30.1,0.715,5017.5,1,0.7651661985699882,0,CatBoost
28,unemployed,single,basic.4y,no,yes,no,cellular,oct,fri,2,4,1,success,-3.4,92.431,-26.9,0.752,5017.5,0,0.7632989703042692,0,CatBoost
60,unemployed,married,basic.6y,no,yes,no,cellular,sep,thu,1,3,1,success,-3.4,92.379,-29.8,0.809,5017.5,0,0.7629548099357151,0,CatBoost
62,blue-collar,married,basic.4y,no,yes,no,cellular,nov,mon,1,6,1,success,-3.4,92.649,-30.1,0.719,5017.5,0,0.7625354163187146,2,CatBoost
32,admin.,married,university.degree,no,yes,no,cellular,oct,wed,2,6,1,success,-3.4,92.431,-26.9,0.735,5017.5,1,0.7624270428479503,0,CatBoost
36,unemployed,married,high.school,no,yes,no,cellular,oct,mon,1,3,1,success,-1.1,94.601,-49.5,1.032,4963.6,1,0.7623683387161606,0,CatBoost
23,student,single,university.degree,no,yes,no,cellular,dec,fri,2,6,2,success,-3.0,92.713,-33.0,0.718,5023.5,0,0.7620769876147594,0,CatBoost
45,admin.,married,university.degree,no,no,no,cellular,dec,thu,2,6,1,success,-3.0,92.713,-33.0,0.707,5023.5,1,0.7617385319166846,0,CatBoost
56,unemployed,married,professional.course,no,no,no,cellular,sep,fri,3,6,1,success,-3.4,92.379,-29.8,0.762,5017.5,1,0.7610040691789297,0,CatBoost
36,services,married,high.school,no,yes,no,cellular,oct,fri,1,6,1,success,-3.4,92.431,-26.9,0.739,5017.5,0,0.7605101983748059,0,CatBoost
62,retired,married,high.school,no,no,no,cellular,oct,wed,1,6,1,success,-3.4,92.431,-26.9,0.724,5017.5,1,0.7602996047612497,2,CatBoost
47,admin.,divorced,university.degree,no,no,no,cellular,nov,tue,4,6,1,success,-3.4,92.649,-30.1,0.72,5017.5,1,0.7593495527286641,0,CatBoost
33,admin.,single,university.degree,no,yes,no,cellular,oct,mon,1,5,2,success,-1.1,94.601,-49.5,1.032,4963.6,1,0.7593479896840344,0,CatBoost
30,technician,married,university.degree,no,yes,no,cellular,dec,thu,2,6,1,success,-3.0,92.713,-33.0,0.72,5023.5,1,0.7592754445124087,0,CatBoost
24,blue-collar,single,high.school,no,no,no,cellular,oct,thu,1,3,1,success,-1.1,94.601,-49.5,1.025,4963.6,1,0.7591063670044745,0,CatBoost
69,retired,married,basic.9y,no,yes,no,cellular,sep,wed,1,5,1,success,-3.4,92.379,-29.8,0.781,5017.5,0,0.7584318253444233,2,CatBoost
52,technician,married,professional.course,no,yes,no,cellular,nov,fri,1,3,1,success,-3.4,92.649,-30.1,0.714,5017.5,1,0.7581538704238824,0,CatBoost
42,services,married,university.degree,no,no,no,cellular,dec,wed,1,6,1,success,-3.0,92.713,-33.0,0.715,5023.5,1,0.7577471336650409,0,CatBoost
31,technician,married,university.degree,no,yes,yes,cellular,oct,tue,4,6,2,success,-1.1,94.601,-49.5,0.982,4963.6,1,0.7576536388549191,0,CatBoost
56,technician,married,basic.4y,no,no,no,cellular,oct,thu,1,6,1,success,-3.4,92.431,-26.9,0.733,5017.5,1,0.7575593650802831,0,CatBoost
61,management,married,university.degree,no,yes,no,cellular,nov,tue,1,3,2,success,-3.4,92.649,-30.1,0.715,5017.5,1,0.7575533865393068,2,CatBoost
44,admin.,married,university.degree,no,yes,no,cellular,oct,wed,3,6,1,success,-3.4,92.431,-26.9,0.735,5017.5,1,0.7568659304968103,0,CatBoost
22,student,single,basic.9y,no,no,no,cellular,oct,fri,2,6,1,success,-3.4,92.431,-26.9,0.73,5017.5,1,0.7563384553014635,0,CatBoost
43,entrepreneur,married,university.degree,no,no,no,cellular,sep,mon,1,3,1,success,-1.1,94.199,-37.5,0.882,4963.6,1,0.7548757014899905,0,CatBoost
68,retired,single,university.degree,no,yes,no,cellular,sep,fri,1,3,1,success,-3.4,92.379,-29.8,0.741,5017.5,0,0.7542662798761142,2,CatBoost
52,admin.,divorced,university.degree,no,yes,no,cellular,nov,tue,1,3,2,success,-3.4,92.649,-30.1,0.715,5017.5,1,0.7542114503796143,0,CatBoost
57,admin.,married,university.degree,no,no,no,cellular,nov,wed,1,3,2,success,-3.4,92.649,-30.1,0.716,5017.5,1,0.7536071403728686,0,CatBoost
60,technician,married,basic.4y,no,yes,no,cellular,oct,tue,2,6,1,success,-3.4,92.431,-26.9,0.737,5017.5,1,0.7535171206529839,0,CatBoost
29,admin.,single,high.school,no,yes,no,cellular,oct,fri,1,6,1,success,-3.4,92.431,-26.9,0.73,5017.5,1,0.7512580490729877,0,CatBoost
64,retired,divorced,basic.4y,no,yes,yes,telephone,sep,fri,2,6,2,success,-1.1,94.199,-37.5,0.878,4963.6,1,0.7512111570760458,2,CatBoost
25,student,single,high.school,no,yes,no,cellular,oct,fri,1,3,1,success,-1.1,94.601,-49.5,1.029,4963.6,1,0.7510390467261859,0,CatBoost
29,admin.,single,high.school,no,yes,no,cellular,nov,fri,2,7,2,success,-3.4,92.649,-30.1,0.714,5017.5,1,0.7509483080633116,0,CatBoost
54,management,divorced,university.degree,no,yes,no,cellular,oct,thu,2,6,1,success,-3.4,92.431,-26.9,0.741,5017.5,1,0.7507706617853033,0,CatBoost
32,admin.,married,high.school,no,unknown,unknown,cellular,sep,mon,1,6,4,success,-1.1,94.199,-37.5,0.882,4963.6,1,0.7507686438946912,0,CatBoost
25,admin.,single,university.degree,no,no,no,cellular,nov,fri,5,3,1,success,-3.4,92.649,-30.1,0.714,5017.5,0,0.7502796110845641,0,CatBoost
30,student,single,professional.course,no,yes,no,cellular,sep,tue,2,6,1,success,-1.1,94.199,-37.5,0.88,4963.6,1,0.749580583107163,0,CatBoost
29,unemployed,single,basic.4y,no,yes,no,cellular,nov,fri,1,9,1,success,-1.1,94.767,-50.8,1.028,4963.6,0,0.7489595403286062,0,CatBoost
30,student,single,unknown,no,no,no,cellular,dec,wed,1,4,2,success,-3.0,92.713,-33.0,0.715,5023.5,1,0.7484669197045141,0,CatBoost
43,admin.,married,high.school,no,yes,no,cellular,dec,tue,4,6,1,success,-3.0,92.713,-33.0,0.715,5023.5,0,0.7480574326464813,0,CatBoost
34,admin.,divorced,high.school,no,no,no,cellular,nov,tue,2,6,3,success,-3.4,92.649,-30.1,0.716,5017.5,0,0.7477673986598141,0,CatBoost
37,admin.,married,university.degree,no,no,no,cellular,nov,mon,2,6,1,success,-1.1,94.767,-50.8,1.05,4963.6,1,0.7473824231384658,0,CatBoost
27,admin.,single,university.degree,no,yes,yes,cellular,oct,tue,1,3,2,success,-1.1,94.601,-49.5,0.982,4963.6,0,0.7465296485824595,0,CatBoost
48,technician,married,professional.course,no,yes,yes,cellular,oct,mon,1,8,1,success,-1.1,94.601,-49.5,0.977,4963.6,1,0.7464713236140949,0,CatBoost
35,admin.,married,high.school,no,no,no,cellular,oct,thu,1,4,2,success,-3.4,92.431,-26.9,0.754,5017.5,0,0.7458210320370349,0,CatBoost
31,admin.,married,university.degree,no,yes,no,cellular,sep,fri,2,13,1,success,-1.1,94.199,-37.5,0.879,4963.6,1,0.7454053656563825,0,CatBoost
32,technician,married,basic.9y,no,no,no,cellular,sep,wed,1,6,5,success,-1.1,94.199,-37.5,0.879,4963.6,1,0.7453146940927072,0,CatBoost
23,student,single,basic.9y,no,yes,yes,cellular,sep,mon,3,6,2,success,-1.1,94.199,-37.5,0.879,4963.6,1,0.7451448239991703,0,CatBoost
22,student,single,high.school,no,yes,no,cellular,oct,tue,1,6,1,success,-3.4,92.431,-26.9,0.742,5017.5,1,0.7450778823645559,0,CatBoost
29,student,single,professional.course,no,no,no,cellular,nov,thu,3,3,2,success,-3.4,92.649,-30.1,0.714,5017.5,1,0.7449736744340668,0,CatBoost
28,admin.,single,university.degree,no,yes,no,cellular,sep,mon,2,6,3,success,-1.1,94.199,-37.5,0.882,4963.6,0,0.7448775210078575,0,CatBoost
29,technician,single,professional.course,no,unknown,unknown,cellular,sep,fri,1,3,2,success,-1.1,94.199,-37.5,0.878,4963.6,1,0.7445733446365325,0,CatBoost
86,retired,married,professional.course,no,no,no,telephone,dec,wed,2,999,0,nonexistent,-3.0,92.713,-33.0,0.715,5023.5,1,0.744494422740588,1,CatBoost
33,services,single,high.school,no,yes,no,cellular,oct,mon,1,6,1,success,-1.1,94.601,-49.5,1.032,4963.6,1,0.7439928205457925,0,CatBoost
49,technician,divorced,unknown,no,yes,no,cellular,oct,thu,1,4,1,success,-3.4,92.431,-26.9,0.754,5017.5,0,0.7436040693309259,0,CatBoost
33,admin.,married,university.degree,no,yes,no,cellular,nov,tue,2,3,3,success,-3.4,92.649,-30.1,0.715,5017.5,1,0.7432999576578119,0,CatBoost
33,admin.,single,university.degree,no,yes,no,telephone,oct,thu,3,6,2,success,-3.4,92.431,-26.9,0.74,5017.5,1,0.7428542393780725,0,CatBoost
25,admin.,single,university.degree,no,no,no,cellular,dec,fri,2,4,1,success,-3.0,92.713,-33.0,0.718,5023.5,0,0.7427050894432011,0,CatBoost
27,admin.,single,university.degree,no,no,no,cellular,sep,thu,3,3,1,success,-1.1,94.199,-37.5,0.879,4963.6,1,0.7422689441927262,0,CatBoost
32,admin.,single,university.degree,no,no,no,cellular,oct,fri,2,6,1,success,-3.4,92.431,-26.9,0.739,5017.5,0,0.7421299393583812,0,CatBoost
34,admin.,single,university.degree,no,no,no,cellular,nov,thu,1,6,1,success,-3.4,92.649,-30.1,0.714,5017.5,1,0.7417770731124494,0,CatBoost
31,admin.,single,high.school,no,no,no,cellular,sep,fri,2,3,2,success,-1.1,94.199,-37.5,0.883,4963.6,1,0.7417221207371482,0,CatBoost
20,student,single,unknown,no,yes,yes,cellular,oct,tue,1,3,4,success,-1.1,94.601,-49.5,0.982,4963.6,1,0.740722812058186,0,CatBoost
26,admin.,married,high.school,no,yes,no,cellular,nov,fri,1,7,1,success,-3.4,92.649,-30.1,0.714,5017.5,1,0.7404899385102951,0,CatBoost
54,self-employed,married,university.degree,no,yes,no,cellular,oct,thu,6,6,1,success,-1.1,94.601,-49.5,0.987,4963.6,0,0.7404689180725439,0,CatBoost
29,admin.,single,high.school,no,yes,no,cellular,sep,tue,2,3,1,success,-3.4,92.379,-29.8,0.77,5017.5,1,0.740245167878646,0,CatBoost
19,student,single,basic.6y,no,yes,yes,cellular,sep,thu,5,13,1,success,-1.1,94.199,-37.5,0.879,4963.6,1,0.7399192308457988,0,CatBoost
41,technician,married,professional.course,no,no,no,cellular,nov,mon,2,6,1,success,-1.1,94.767,-50.8,1.039,4963.6,1,0.7396614627307997,0,CatBoost
61,blue-collar,married,high.school,no,no,no,cellular,oct,wed,1,2,1,success,-3.4,92.431,-26.9,0.724,5017.5,0,0.7390801295184382,2,CatBoost
37,unemployed,single,professional.course,no,no,no,cellular,oct,fri,4,6,1,success,-1.1,94.601,-49.5,1.029,4963.6,0,0.7388918526562624,0,CatBoost
60,retired,married,professional.course,no,yes,no,cellular,sep,thu,1,3,1,success,-3.4,92.379,-29.8,0.809,5017.5,1,0.7387832461052809,0,CatBoost
27,technician,single,university.degree,no,yes,no,cellular,sep,thu,1,6,1,success,-1.1,94.199,-37.5,0.879,4963.6,1,0.7387558633925078,0,CatBoost
59,management,married,university.degree,no,yes,no,cellular,sep,fri,2,3,1,success,-3.4,92.379,-29.8,0.803,5017.5,1,0.7374422988978682,0,CatBoost
56,technician,married,basic.4y,no,no,no,cellular,oct,thu,3,3,1,success,-3.4,92.431,-26.9,0.733,5017.5,1,0.7352456443853181,0,CatBoost
42,admin.,single,high.school,no,no,no,cellular,sep,wed,1,14,1,success,-1.1,94.199,-37.5,0.88,4963.6,1,0.7350453132162229,0,CatBoost
38,admin.,married,university.degree,no,yes,no,cellular,oct,wed,1,6,1,success,-3.4,92.431,-26.9,0.735,5017.5,1,0.7349710417359931,0,CatBoost
36,admin.,married,university.degree,no,yes,no,cellular,oct,wed,1,6,1,success,-3.4,92.431,-26.9,0.735,5017.5,1,0.7349710417359931,0,CatBoost
57,retired,married,basic.4y,no,yes,no,cellular,nov,wed,1,3,2,success,-3.4,92.649,-30.1,0.716,5017.5,0,0.7349420911448656,0,CatBoost
30,technician,married,professional.course,no,yes,no,cellular,oct,mon,1,6,1,success,-1.1,94.601,-49.5,1.032,4963.6,1,0.7345241579177992,0,CatBoost
56,unemployed,divorced,basic.4y,no,no,yes,cellular,oct,fri,2,5,3,success,-1.1,94.601,-49.5,0.972,4963.6,1,0.7344829628897253,0,CatBoost
40,services,married,professional.course,no,yes,no,cellular,oct,thu,1,3,1,success,-3.4,92.431,-26.9,0.74,5017.5,1,0.7340537283798672,0,CatBoost
26,admin.,single,university.degree,no,yes,no,cellular,sep,tue,3,6,3,success,-1.1,94.199,-37.5,0.881,4963.6,1,0.7339150800115417,0,CatBoost
24,blue-collar,single,basic.9y,no,no,no,cellular,oct,mon,1,6,1,success,-1.1,94.601,-49.5,0.977,4963.6,0,0.7336632009965935,0,CatBoost
49,admin.,divorced,university.degree,no,yes,no,cellular,sep,fri,3,3,1,success,-3.4,92.379,-29.8,0.773,5017.5,1,0.733206733019799,0,CatBoost
34,admin.,single,university.degree,no,no,no,cellular,nov,thu,1,7,2,success,-3.4,92.649,-30.1,0.714,5017.5,1,0.7323500649007819,0,CatBoost
31,management,married,university.degree,no,yes,no,cellular,oct,tue,3,4,1,success,-3.4,92.431,-26.9,0.728,5017.5,1,0.7321579154224809,0,CatBoost
52,blue-collar,single,basic.9y,no,yes,no,cellular,nov,thu,3,9,1,success,-3.4,92.649,-30.1,0.714,5017.5,0,0.7317613579415133,0,CatBoost
35,blue-collar,single,high.school,no,no,no,cellular,oct,fri,1,6,1,success,-3.4,92.431,-26.9,0.73,5017.5,0,0.7316476672408799,0,CatBoost
35,admin.,married,high.school,no,yes,no,cellular,oct,thu,1,4,1,success,-3.4,92.431,-26.9,0.754,5017.5,1,0.7308397267754791,0,CatBoost
30,student,single,professional.course,no,unknown,unknown,cellular,sep,mon,4,6,3,success,-1.1,94.199,-37.5,0.879,4963.6,0,0.7299704701704365,0,CatBoost
33,admin.,married,university.degree,no,yes,no,cellular,oct,tue,2,6,1,success,-3.4,92.431,-26.9,0.737,5017.5,1,0.7298610339170891,0,CatBoost
34,admin.,single,university.degree,no,no,no,cellular,sep,fri,3,3,2,success,-3.4,92.379,-29.8,0.773,5017.5,1,0.7295833761598021,0,CatBoost
51,services,married,high.school,no,yes,no,cellular,sep,tue,1,3,1,success,-3.4,92.379,-29.8,0.77,5017.5,0,0.7294928746020715,0,CatBoost
30,technician,unknown,university.degree,no,no,no,cellular,oct,fri,2,16,1,success,-1.1,94.601,-49.5,0.942,4963.6,0,0.7294657575698331,1,CatBoost
55,retired,married,high.school,no,yes,no,cellular,oct,thu,2,7,1,success,-3.4,92.431,-26.9,0.722,5017.5,1,0.728589754472852,0,CatBoost
28,services,married,basic.9y,no,yes,no,cellular,oct,fri,1,2,1,success,-3.4,92.431,-26.9,0.739,5017.5,1,0.7278613179239994,0,CatBoost
65,retired,married,basic.4y,no,no,no,cellular,oct,wed,1,999,0,nonexistent,-1.1,94.601,-49.5,1.043,4963.6,1,0.7275653602505842,1,CatBoost
57,admin.,married,high.school,no,yes,no,cellular,nov,mon,1,3,3,success,-3.4,92.649,-30.1,0.715,5017.5,1,0.7273817101171448,0,CatBoost
39,management,single,university.degree,no,yes,no,cellular,nov,fri,2,3,2,success,-3.4,92.649,-30.1,0.714,5017.5,1,0.727199783644623,0,CatBoost
56,technician,divorced,university.degree,no,no,no,cellular,nov,fri,2,3,1,success,-3.4,92.649,-30.1,0.716,5017.5,1,0.7265176499968121,0,CatBoost
42,technician,married,professional.course,no,yes,yes,cellular,oct,mon,1,6,1,success,-1.1,94.601,-49.5,1.0,4963.6,1,0.7264325043342946,0,CatBoost
33,admin.,married,university.degree,no,yes,no,cellular,nov,tue,2,3,1,success,-3.4,92.649,-30.1,0.715,5017.5,1,0.7262115318045241,0,CatBoost
50,management,married,university.degree,no,yes,no,cellular,oct,thu,2,4,1,success,-3.4,92.431,-26.9,0.754,5017.5,1,0.7258141947721919,0,CatBoost
24,admin.,single,university.degree,no,yes,no,cellular,oct,fri,3,3,2,success,-1.1,94.601,-49.5,0.993,4963.6,1,0.7255709475362573,0,CatBoost
39,blue-collar,married,basic.9y,no,yes,no,cellular,sep,fri,1,3,1,success,-3.4,92.379,-29.8,0.803,5017.5,1,0.7255553891327121,0,CatBoost
41,management,married,unknown,no,no,yes,cellular,nov,fri,2,3,2,success,-3.4,92.649,-30.1,0.714,5017.5,1,0.7252210583805065,0,CatBoost
36,admin.,single,university.degree,no,yes,no,cellular,oct,wed,1,2,2,success,-3.4,92.431,-26.9,0.742,5017.5,0,0.7247648243484698,0,CatBoost
56,retired,married,university.degree,no,yes,no,cellular,nov,wed,2,3,3,success,-3.4,92.649,-30.1,0.716,5017.5,1,0.7245348210398164,0,CatBoost
20,student,single,high.school,no,yes,no,cellular,nov,wed,1,7,1,success,-3.4,92.649,-30.1,0.715,5017.5,1,0.724111966301542,0,CatBoost
32,student,single,high.school,no,no,no,cellular,sep,tue,2,3,1,success,-1.1,94.199,-37.5,0.877,4963.6,0,0.7238803324687042,0,CatBoost
56,retired,married,professional.course,no,unknown,unknown,cellular,oct,thu,1,6,1,success,-3.4,92.431,-26.9,0.733,5017.5,1,0.7238150355749935,0,CatBoost
34,technician,single,university.degree,no,yes,no,cellular,sep,fri,4,10,3,success,-1.1,94.199,-37.5,0.879,4963.6,1,0.7236998945320626,0,CatBoost
51,technician,married,university.degree,no,yes,no,cellular,sep,thu,6,6,4,failure,-1.1,94.199,-37.5,0.884,4963.6,0,0.723304758833373,0,CatBoost
29,admin.,single,university.degree,no,no,no,cellular,sep,tue,2,3,3,success,-1.1,94.199,-37.5,0.88,4963.6,1,0.7232491234050423,0,CatBoost
58,technician,married,basic.4y,no,no,yes,cellular,oct,wed,2,4,2,success,-3.4,92.431,-26.9,0.74,5017.5,0,0.7223110151804726,0,CatBoost
61,retired,married,high.school,no,yes,no,cellular,sep,wed,1,3,1,success,-3.4,92.379,-29.8,0.753,5017.5,1,0.719891868427833,0,CatBoost
33,admin.,married,university.degree,no,no,no,cellular,oct,fri,1,6,1,success,-3.4,92.431,-26.9,0.739,5017.5,1,0.7191818381711015,0,CatBoost
34,technician,married,professional.course,no,yes,no,cellular,oct,wed,2,8,1,success,-3.4,92.431,-26.9,0.735,5017.5,1,0.7189756302661926,0,CatBoost
48,admin.,married,basic.6y,no,yes,no,cellular,oct,tue,2,5,2,success,-3.4,92.431,-26.9,0.742,5017.5,0,0.7184737678009708,0,CatBoost
25,student,single,high.school,no,yes,no,cellular,oct,mon,2,6,3,success,-1.1,94.601,-49.5,1.032,4963.6,1,0.7180729211834618,0,CatBoost
26,admin.,single,university.degree,no,yes,no,cellular,nov,tue,3,7,1,success,-3.4,92.649,-30.1,0.715,5017.5,1,0.717925826630851,0,CatBoost
35,services,married,high.school,no,no,no,cellular,sep,tue,2,3,1,success,-3.4,92.379,-29.8,0.788,5017.5,0,0.7177787844820582,0,CatBoost
40,services,married,high.school,no,yes,no,cellular,nov,thu,3,3,2,success,-3.4,92.649,-30.1,0.714,5017.5,1,0.7177255743142689,0,CatBoost
62,admin.,married,high.school,no,no,no,cellular,oct,tue,4,18,2,failure,-1.1,94.601,-49.5,1.037,4963.6,1,0.7171815974830918,1,CatBoost
61,management,married,university.degree,no,yes,no,cellular,nov,tue,1,7,1,success,-3.4,92.649,-30.1,0.715,5017.5,1,0.7162805772472555,0,CatBoost
29,technician,single,university.degree,no,no,no,cellular,nov,mon,1,4,1,success,-1.1,94.767,-50.8,1.05,4963.6,0,0.7161458706402117,0,CatBoost
53,technician,married,professional.course,no,no,no,cellular,sep,tue,1,3,1,success,-3.4,92.379,-29.8,0.77,5017.5,1,0.7158129139256206,0,CatBoost
54,technician,divorced,professional.course,no,yes,no,cellular,dec,mon,1,6,1,success,-3.0,92.713,-33.0,0.715,5023.5,0,0.7155124169080983,0,CatBoost
32,self-employed,married,university.degree,no,no,no,cellular,nov,thu,2,3,2,success,-3.4,92.649,-30.1,0.714,5017.5,1,0.7150496484827431,0,CatBoost
26,management,single,university.degree,no,yes,no,cellular,oct,tue,1,6,1,success,-3.4,92.431,-26.9,0.728,5017.5,0,0.7148379790918256,0,CatBoost
53,management,divorced,university.degree,no,no,yes,cellular,nov,fri,2,3,1,success,-3.4,92.649,-30.1,0.716,5017.5,1,0.7143373218400493,0,CatBoost
51,technician,married,professional.course,no,yes,no,cellular,oct,thu,6,6,3,failure,-3.4,92.431,-26.9,0.754,5017.5,0,0.713975581776185,0,CatBoost
51,services,married,high.school,no,no,yes,cellular,nov,mon,2,3,4,success,-1.1,94.767,-50.8,1.05,4963.6,0,0.7136811597596984,0,CatBoost
38,admin.,married,university.degree,no,yes,no,cellular,nov,mon,3,6,1,success,-3.4,92.649,-30.1,0.719,5017.5,0,0.7135904381167769,0,CatBoost
37,admin.,single,university.degree,no,no,no,cellular,sep,thu,1,3,4,success,-1.1,94.199,-37.5,0.879,4963.6,1,0.7133013280750808,0,CatBoost
27,management,single,university.degree,no,yes,no,cellular,sep,tue,2,4,2,success,-3.4,92.379,-29.8,0.819,5017.5,0,0.712895580669121,0,CatBoost
48,admin.,married,high.school,unknown,no,yes,cellular,dec,thu,1,8,1,success,-3.0,92.713,-33.0,0.72,5023.5,1,0.7127599031247643,0,CatBoost
62,services,married,high.school,no,yes,no,cellular,nov,wed,5,999,0,nonexistent,-1.1,94.767,-50.8,1.03,4963.6,0,0.7126386025396816,1,CatBoost
41,admin.,married,university.degree,no,yes,no,cellular,nov,tue,1,3,1,success,-3.4,92.649,-30.1,0.715,5017.5,1,0.7124882627655256,0,CatBoost
38,admin.,married,university.degree,no,yes,no,cellular,oct,fri,2,8,1,success,-3.4,92.431,-26.9,0.739,5017.5,0,0.7124517675135014,0,CatBoost
49,housemaid,single,university.degree,no,yes,no,cellular,dec,mon,2,6,1,success,-3.0,92.713,-33.0,0.717,5023.5,1,0.7110042984366408,0,CatBoost
31,admin.,single,university.degree,no,yes,no,cellular,nov,wed,1,2,5,success,-1.1,94.767,-50.8,1.048,4963.6,1,0.7109620313227866,0,CatBoost
26,unemployed,single,high.school,no,yes,no,cellular,oct,fri,3,14,1,success,-1.1,94.601,-49.5,1.029,4963.6,1,0.7108061439062049,0,CatBoost
66,retired,married,basic.4y,no,yes,no,cellular,nov,mon,1,7,1,success,-3.4,92.649,-30.1,0.714,5017.5,1,0.7099106710622357,2,CatBoost
48,management,married,university.degree,no,no,no,cellular,oct,wed,1,6,1,success,-3.4,92.431,-26.9,0.74,5017.5,1,0.709678493006334,0,CatBoost
54,admin.,married,high.school,no,yes,no,cellular,nov,fri,1,3,3,success,-3.4,92.649,-30.1,0.716,5017.5,1,0.7090823583697067,0,CatBoost
25,admin.,single,high.school,no,no,no,cellular,sep,thu,1,3,1,success,-3.4,92.379,-29.8,0.778,5017.5,1,0.7076426021203678,0,CatBoost
71,retired,married,professional.course,no,no,no,cellular,oct,tue,1,999,0,nonexistent,-1.1,94.601,-49.5,0.982,4963.6,1,0.7073150836776518,1,CatBoost
33,services,single,university.degree,no,yes,no,cellular,oct,mon,2,3,2,success,-1.1,94.601,-49.5,0.977,4963.6,1,0.7058962302416455,0,CatBoost
34,management,married,university.degree,no,yes,no,cellular,oct,fri,1,2,1,success,-3.4,92.431,-26.9,0.739,5017.5,0,0.7055796426637391,0,CatBoost
74,retired,divorced,basic.4y,no,yes,no,cellular,oct,mon,2,999,0,nonexistent,-1.1,94.601,-49.5,1.0,4963.6,0,0.7055703197527737,1,CatBoost
26,technician,single,professional.course,no,yes,no,cellular,sep,fri,1,3,3,success,-1.1,94.199,-37.5,0.879,4963.6,1,0.704874254745455,0,CatBoost
37,admin.,married,high.school,no,yes,no,cellular,nov,mon,3,3,1,success,-3.4,92.649,-30.1,0.722,5017.5,0,0.7046516449650204,0,CatBoost
47,admin.,divorced,high.school,no,yes,no,cellular,sep,tue,1,3,1,success,-3.4,92.379,-29.8,0.77,5017.5,0,0.7044987784031974,0,CatBoost
36,admin.,single,high.school,no,yes,no,cellular,oct,mon,1,6,1,success,-3.4,92.431,-26.9,0.739,5017.5,0,0.7042674032654931,0,CatBoost
29,admin.,single,university.degree,no,no,no,cellular,sep,fri,4,6,1,success,-1.1,94.199,-37.5,0.878,4963.6,0,0.7030140290601128,0,CatBoost
54,unemployed,married,professional.course,no,yes,no,telephone,nov,thu,2,10,4,failure,-1.1,94.767,-50.8,1.041,4963.6,0,0.7023874739016671,0,CatBoost
49,admin.,married,high.school,no,no,no,cellular,sep,tue,1,3,1,success,-3.4,92.379,-29.8,0.788,5017.5,1,0.7020033837760635,0,CatBoost
42,blue-collar,married,professional.course,no,yes,no,cellular,oct,wed,1,7,1,success,-3.4,92.431,-26.9,0.735,5017.5,1,0.7014103413237491,0,CatBoost
25,student,single,high.school,no,yes,no,cellular,oct,mon,1,6,4,success,-1.1,94.601,-49.5,1.032,4963.6,0,0.7013826105564408,0,CatBoost
37,services,married,high.school,no,yes,yes,cellular,oct,fri,2,12,2,failure,-1.1,94.601,-49.5,1.029,4963.6,1,0.700981473088212,0,CatBoost
39,unemployed,single,university.degree,no,yes,no,cellular,dec,mon,1,6,2,success,-3.0,92.713,-33.0,0.706,5023.5,1,0.7005894147332308,0,CatBoost
26,admin.,single,high.school,no,yes,no,cellular,nov,mon,1,3,1,success,-3.4,92.649,-30.1,0.715,5017.5,1,0.7004870504088712,0,CatBoost
39,technician,married,university.degree,no,no,no,cellular,oct,fri,1,6,1,success,-3.4,92.431,-26.9,0.739,5017.5,1,0.6997513401005905,0,CatBoost
88,retired,married,basic.4y,no,no,no,cellular,sep,mon,1,999,0,nonexistent,-1.1,94.199,-37.5,0.882,4963.6,0,0.6988506635007108,1,CatBoost
50,admin.,married,university.degree,no,yes,no,cellular,nov,mon,1,3,1,success,-3.4,92.649,-30.1,0.714,5017.5,1,0.6982863278179275,0,CatBoost
23,unemployed,single,basic.9y,no,yes,no,cellular,oct,thu,1,4,1,success,-3.4,92.431,-26.9,0.754,5017.5,1,0.6977824600161255,0,CatBoost
60,admin.,married,unknown,no,no,no,cellular,nov,tue,2,999,0,nonexistent,-1.1,94.767,-50.8,1.046,4963.6,0,0.6968200632539977,1,CatBoost
26,blue-collar,single,high.school,no,yes,no,telephone,nov,fri,2,3,1,success,-3.4,92.649,-30.1,0.714,5017.5,1,0.6963260481003015,0,CatBoost
25,technician,single,professional.course,no,yes,no,cellular,nov,fri,2,19,1,success,-1.1,94.767,-50.8,1.04,4963.6,1,0.6963195056531215,1,CatBoost
43,technician,married,high.school,no,yes,yes,cellular,sep,thu,1,3,2,success,-3.4,92.379,-29.8,0.809,5017.5,0,0.6959214865630162,0,CatBoost
38,unemployed,single,high.school,no,yes,no,cellular,dec,mon,3,10,1,success,-3.0,92.713,-33.0,0.717,5023.5,0,0.6955174815092883,0,CatBoost
30,self-employed,single,university.degree,no,yes,yes,cellular,dec,fri,2,6,1,success,-3.0,92.713,-33.0,0.71,5023.5,0,0.6955071634153859,0,CatBoost
42,admin.,married,university.degree,no,no,no,telephone,dec,fri,5,6,1,success,-3.0,92.713,-33.0,0.71,5023.5,0,0.6948882808559208,0,CatBoost
56,blue-collar,married,basic.4y,unknown,yes,no,cellular,dec,tue,3,6,1,success,-3.0,92.713,-33.0,0.715,5023.5,1,0.6942440306466079,0,CatBoost
29,admin.,single,university.degree,no,no,no,cellular,nov,fri,1,3,2,success,-3.4,92.649,-30.1,0.714,5017.5,1,0.6927716951929175,0,CatBoost
39,self-employed,divorced,high.school,no,no,no,cellular,sep,tue,2,3,1,success,-3.4,92.379,-29.8,0.788,5017.5,1,0.6924856799089322,0,CatBoost
30,student,single,professional.course,no,yes,no,cellular,sep,mon,4,19,1,success,-1.1,94.199,-37.5,0.879,4963.6,0,0.6921037877595466,0,CatBoost
27,management,single,professional.course,no,yes,no,cellular,nov,tue,1,3,1,success,-3.4,92.649,-30.1,0.716,5017.5,1,0.6918870769699297,0,CatBoost
74,retired,married,professional.course,no,yes,no,cellular,nov,fri,3,999,1,failure,-1.1,94.767,-50.8,1.028,4963.6,0,0.6917953913744871,1,CatBoost
66,management,divorced,university.degree,no,no,no,cellular,sep,tue,1,1,1,success,-3.4,92.379,-29.8,0.788,5017.5,1,0.6915095202360023,2,CatBoost
85,retired,divorced,basic.4y,unknown,yes,no,telephone,dec,tue,1,999,0,nonexistent,-3.0,92.713,-33.0,0.715,5023.5,0,0.6911846026745906,1,CatBoost
48,admin.,married,university.degree,no,yes,no,cellular,dec,mon,4,6,2,success,-3.0,92.713,-33.0,0.717,5023.5,0,0.6908612860614881,0,CatBoost
45,blue-collar,married,high.school,no,yes,yes,cellular,nov,mon,2,5,3,success,-1.1,94.767,-50.8,1.05,4963.6,1,0.6904351070458185,0,CatBoost
48,management,divorced,university.degree,no,yes,no,cellular,nov,wed,1,3,1,success,-3.4,92.649,-30.1,0.716,5017.5,1,0.6903296298779578,0,CatBoost
38,admin.,married,university.degree,no,no,no,cellular,nov,tue,2,7,1,success,-3.4,92.649,-30.1,0.715,5017.5,1,0.6902727048954826,0,CatBoost
56,retired,married,professional.course,no,no,no,cellular,oct,thu,1,3,1,success,-3.4,92.431,-26.9,0.733,5017.5,1,0.6902431796818581,0,CatBoost
30,admin.,single,university.degree,no,yes,no,cellular,nov,mon,1,6,1,success,-3.4,92.649,-30.1,0.722,5017.5,0,0.6902038808435867,0,CatBoost
88,retired,married,basic.4y,no,no,no,cellular,sep,mon,2,999,0,nonexistent,-1.1,94.199,-37.5,0.882,4963.6,0,0.6897946769818835,1,CatBoost
36,management,married,university.degree,no,no,yes,cellular,nov,wed,3,3,3,success,-3.4,92.649,-30.1,0.715,5017.5,1,0.6883792340137564,0,CatBoost
30,technician,single,professional.course,no,no,no,cellular,sep,tue,1,6,1,success,-1.1,94.199,-37.5,0.877,4963.6,0,0.6878871297467133,0,CatBoost
84,retired,divorced,basic.4y,unknown,yes,no,cellular,oct,fri,4,999,0,nonexistent,-1.1,94.601,-49.5,0.993,4963.6,0,0.6878796079595154,1,CatBoost
30,admin.,married,university.degree,no,no,no,cellular,sep,mon,2,6,1,success,-3.4,92.379,-29.8,0.739,5017.5,1,0.6878326490476767,0,CatBoost
34,admin.,married,university.degree,no,no,yes,cellular,dec,tue,2,6,2,success,-3.0,92.713,-33.0,0.707,5023.5,1,0.6875025507411039,0,CatBoost
35,unemployed,married,university.degree,no,no,no,cellular,oct,thu,1,6,1,success,-3.4,92.431,-26.9,0.733,5017.5,1,0.6874898327405982,0,CatBoost
35,management,married,university.degree,no,no,no,cellular,nov,tue,1,3,2,success,-3.4,92.649,-30.1,0.716,5017.5,0,0.6870357022298641,0,CatBoost
64,unemployed,divorced,basic.9y,no,yes,no,cellular,oct,wed,2,999,0,nonexistent,-1.1,94.601,-49.5,0.959,4963.6,0,0.6869007144587739,1,CatBoost
31,technician,married,university.degree,no,no,no,cellular,sep,thu,1,3,1,success,-1.1,94.199,-37.5,0.878,4963.6,1,0.6864487298222776,0,CatBoost
21,student,single,university.degree,no,yes,no,cellular,nov,fri,3,3,1,success,-3.4,92.649,-30.1,0.714,5017.5,0,0.6864035951739714,0,CatBoost
23,student,single,university.degree,no,yes,no,cellular,nov,wed,1,3,2,success,-3.4,92.649,-30.1,0.715,5017.5,1,0.6863400478884087,0,CatBoost
29,management,married,university.degree,no,yes,no,cellular,nov,wed,1,9,1,success,-3.4,92.649,-30.1,0.719,5017.5,0,0.685435764124557,0,CatBoost
28,unemployed,single,high.school,no,yes,no,cellular,dec,mon,3,6,3,success,-3.0,92.713,-33.0,0.709,5023.5,0,0.6839084184281492,0,CatBoost
27,technician,single,university.degree,no,yes,no,cellular,sep,thu,1,3,1,success,-1.1,94.199,-37.5,0.879,4963.6,1,0.6835116090040247,0,CatBoost
19,student,single,basic.6y,no,yes,no,cellular,sep,thu,2,6,4,success,-1.1,94.199,-37.5,0.879,4963.6,1,0.683108764181572,0,CatBoost
56,retired,married,university.degree,no,no,no,cellular,nov,wed,1,3,1,success,-3.4,92.649,-30.1,0.716,5017.5,1,0.6830555555780993,0,CatBoost
61,admin.,married,high.school,no,yes,yes,cellular,nov,wed,2,999,0,nonexistent,-1.1,94.767,-50.8,1.044,4963.6,1,0.682221902461411,1,CatBoost
27,technician,single,university.degree,no,yes,no,cellular,dec,tue,3,10,1,success,-3.0,92.713,-33.0,0.708,5023.5,1,0.6810064215810593,0,CatBoost
84,retired,divorced,basic.4y,unknown,yes,yes,cellular,oct,mon,4,3,1,success,-1.1,94.601,-49.5,1.0,4963.6,0,0.680713017493136,2,CatBoost
26,admin.,single,high.school,no,no,no,telephone,oct,fri,2,4,1,success,-3.4,92.431,-26.9,0.73,5017.5,1,0.6801346645073028,0,CatBoost
86,retired,divorced,basic.4y,no,unknown,unknown,cellular,oct,wed,1,999,0,nonexistent,-3.4,92.431,-26.9,0.74,5017.5,0,0.6799832024871636,1,CatBoost
39,entrepreneur,married,professional.course,no,no,no,telephone,sep,wed,3,6,1,success,-1.1,94.199,-37.5,0.876,4963.6,1,0.6797562156110846,0,CatBoost
64,retired,married,high.school,no,no,no,cellular,nov,mon,1,3,1,success,-3.4,92.649,-30.1,0.714,5017.5,1,0.679328032544329,2,CatBoost
35,unemployed,married,professional.course,no,yes,no,cellular,dec,mon,1,6,1,success,-3.0,92.713,-33.0,0.706,5023.5,1,0.6776074697150218,0,CatBoost
50,admin.,married,university.degree,no,yes,no,cellular,nov,mon,1,7,1,success,-3.4,92.649,-30.1,0.722,5017.5,0,0.6768285781028401,0,CatBoost
30,management,married,university.degree,no,no,no,cellular,oct,wed,1,999,0,nonexistent,-1.1,94.601,-49.5,1.043,4963.6,1,0.6767617353482919,1,CatBoost
25,admin.,single,university.degree,no,yes,no,cellular,sep,thu,1,1,1,success,-3.4,92.379,-29.8,0.809,5017.5,0,0.6764841555065026,0,CatBoost
39,self-employed,divorced,high.school,no,no,no,cellular,sep,tue,1,3,1,success,-3.4,92.379,-29.8,0.788,5017.5,1,0.6764651217128853,0,CatBoost
75,retired,married,basic.4y,no,yes,no,cellular,oct,wed,3,999,3,failure,-1.1,94.601,-49.5,0.959,4963.6,0,0.6761812868261096,1,CatBoost
45,technician,married,professional.course,no,no,no,cellular,oct,thu,1,6,1,success,-3.4,92.431,-26.9,0.733,5017.5,1,0.6755632689265293,0,CatBoost
61,retired,married,university.degree,no,no,no,cellular,sep,mon,1,3,2,success,-3.4,92.379,-29.8,0.797,5017.5,1,0.6747126380180094,2,CatBoost
63,admin.,married,university.degree,no,yes,yes,cellular,oct,thu,2,999,0,nonexistent,-1.1,94.601,-49.5,0.987,4963.6,0,0.6735313985184032,1,CatBoost
60,self-employed,divorced,university.degree,no,no,no,cellular,sep,tue,1,3,1,success,-3.4,92.379,-29.8,0.755,5017.5,1,0.6725179797785379,0,CatBoost
32,admin.,married,professional.course,no,no,yes,cellular,oct,tue,1,6,1,success,-3.4,92.431,-26.9,0.742,5017.5,1,0.6720446016366444,0,CatBoost
52,technician,married,professional.course,no,yes,no,telephone,nov,fri,2,3,1,success,-3.4,92.649,-30.1,0.714,5017.5,0,0.6707236150838701,0,CatBoost
33,admin.,married,university.degree,no,no,no,cellular,nov,tue,1,999,0,nonexistent,-1.1,94.767,-50.8,1.035,4963.6,1,0.6695545351772548,1,CatBoost
47,management,married,university.degree,no,yes,no,cellular,sep,mon,1,3,2,success,-3.4,92.379,-29.8,0.771,5017.5,1,0.6694921505828186,0,CatBoost
29,technician,single,professional.course,no,no,no,cellular,nov,tue,2,1,1,success,-1.1,94.767,-50.8,1.046,4963.6,1,0.6689236793077223,0,CatBoost
37,technician,married,university.degree,no,yes,no,telephone,sep,tue,1,3,2,success,-3.4,92.379,-29.8,0.755,5017.5,1,0.6684180100082479,0,CatBoost
58,management,married,university.degree,no,yes,no,cellular,nov,thu,1,999,0,nonexistent,-1.1,94.767,-50.8,1.041,4963.6,0,0.6680837936147946,1,CatBoost
36,management,married,university.degree,no,unknown,unknown,cellular,sep,wed,1,6,4,failure,-1.1,94.199,-37.5,0.876,4963.6,1,0.6673706002189917,0,CatBoost
34,admin.,married,university.degree,no,yes,no,cellular,sep,wed,1,18,2,failure,-1.1,94.199,-37.5,0.886,4963.6,0,0.6658787410702534,0,CatBoost
43,technician,married,high.school,no,yes,no,cellular,sep,tue,1,3,1,success,-3.4,92.379,-29.8,0.788,5017.5,1,0.6654799188517793,0,CatBoost
50,admin.,married,university.degree,no,no,no,cellular,nov,mon,1,7,2,success,-3.4,92.649,-30.1,0.714,5017.5,0,0.665271917700588,0,CatBoost
24,student,single,unknown,no,yes,yes,telephone,sep,wed,1,10,1,success,-1.1,94.199,-37.5,0.886,4963.6,0,0.66456100521475,0,CatBoost
50,technician,married,professional.course,no,unknown,unknown,cellular,oct,fri,1,8,2,failure,-3.4,92.431,-26.9,0.739,5017.5,1,0.6645494955324934,0,CatBoost
89,retired,divorced,basic.4y,no,yes,no,cellular,sep,tue,1,999,0,nonexistent,-1.1,94.199,-37.5,0.881,4963.6,1,0.6641553117350905,1,CatBoost
25,admin.,single,university.degree,no,no,yes,cellular,nov,mon,1,7,2,success,-3.4,92.649,-30.1,0.714,5017.5,1,0.6639770123154349,0,CatBoost
26,student,single,university.degree,no,no,no,cellular,nov,fri,1,7,1,success,-3.4,92.649,-30.1,0.714,5017.5,1,0.6635912036688909,0,CatBoost
37,admin.,single,high.school,no,no,no,telephone,oct,thu,1,3,1,success,-1.1,94.601,-49.5,0.987,4963.6,1,0.6631623583213915,0,CatBoost
24,admin.,single,university.degree,no,no,no,cellular,sep,tue,1,3,1,success,-3.4,92.379,-29.8,0.77,5017.5,1,0.6622420723095008,0,CatBoost
38,technician,single,professional.course,no,yes,no,cellular,sep,thu,3,22,1,success,-1.1,94.199,-37.5,0.879,4963.6,1,0.6619312976395202,1,CatBoost
60,retired,married,basic.4y,no,unknown,unknown,cellular,oct,fri,1,10,3,failure,-1.1,94.601,-49.5,0.972,4963.6,0,0.660246835521744,0,CatBoost
37,services,married,high.school,no,no,yes,cellular,nov,wed,4,6,1,success,-3.4,92.649,-30.1,0.715,5017.5,0,0.6601907699207004,0,CatBoost
65,retired,married,university.degree,no,no,no,cellular,nov,fri,1,3,3,success,-3.4,92.649,-30.1,0.714,5017.5,1,0.6597119313601626,2,CatBoost
85,housemaid,divorced,basic.4y,unknown,yes,no,telephone,oct,fri,2,999,0,nonexistent,-3.4,92.431,-26.9,0.739,5017.5,0,0.6590360636045904,1,CatBoost
61,blue-collar,married,professional.course,no,yes,no,cellular,oct,thu,2,999,0,nonexistent,-1.1,94.601,-49.5,0.987,4963.6,1,0.6587752509377923,1,CatBoost
35,admin.,married,university.degree,no,yes,no,cellular,sep,wed,2,18,2,failure,-1.1,94.199,-37.5,0.886,4963.6,0,0.6573058301139182,0,CatBoost
31,student,single,university.degree,no,no,no,cellular,oct,wed,1,999,0,nonexistent,-1.1,94.601,-49.5,1.043,4963.6,1,0.6571870606095916,1,CatBoost
58,unemployed,married,university.degree,no,yes,no,cellular,nov,thu,2,999,0,nonexistent,-1.1,94.767,-50.8,1.041,4963.6,1,0.6568983689485297,1,CatBoost
33,admin.,married,university.degree,no,yes,no,telephone,nov,wed,1,3,1,success,-3.4,92.649,-30.1,0.715,5017.5,1,0.6567439194510919,0,CatBoost
29,technician,married,university.degree,no,yes,no,cellular,nov,fri,1,3,1,success,-3.4,92.649,-30.1,0.714,5017.5,1,0.6567351186347632,0,CatBoost
38,services,single,high.school,no,yes,no,telephone,sep,thu,1,9,3,success,-1.1,94.199,-37.5,0.879,4963.6,0,0.6566278238274443,0,CatBoost
44,technician,married,basic.9y,no,yes,no,cellular,oct,tue,1,2,1,success,-3.4,92.431,-26.9,0.742,5017.5,0,0.6565734454799474,0,CatBoost
37,admin.,married,university.degree,no,no,yes,cellular,dec,mon,2,6,1,success,-3.0,92.713,-33.0,0.706,5023.5,1,0.6543159852335295,0,CatBoost
73,retired,married,professional.course,no,yes,no,cellular,nov,fri,1,999,0,nonexistent,-1.1,94.767,-50.8,1.028,4963.6,1,0.6538157660764499,1,CatBoost
27,admin.,single,university.degree,no,no,no,cellular,oct,tue,1,999,0,nonexistent,-1.1,94.601,-49.5,0.982,4963.6,0,0.6531100642691141,1,CatBoost
31,admin.,single,university.degree,no,yes,no,cellular,nov,wed,1,999,0,nonexistent,-1.1,94.767,-50.8,1.048,4963.6,0,0.6520143737430941,1,CatBoost
22,student,single,university.degree,no,yes,no,cellular,oct,tue,1,999,0,nonexistent,-1.1,94.601,-49.5,0.982,4963.6,0,0.6515681992217668,1,CatBoost
78,retired,divorced,basic.6y,no,no,no,telephone,oct,fri,2,999,0,nonexistent,-3.4,92.431,-26.9,0.72,5017.5,0,0.6514757967387238,1,CatBoost
31,services,married,high.school,no,no,no,telephone,nov,fri,2,3,2,success,-3.4,92.649,-30.1,0.714,5017.5,1,0.6511953585174763,0,CatBoost
98,retired,married,basic.4y,unknown,yes,no,cellular,oct,fri,1,2,2,success,-3.4,92.431,-26.9,0.73,5017.5,1,0.6495996985491577,2,CatBoost
83,retired,divorced,basic.4y,no,yes,yes,cellular,nov,tue,1,999,0,nonexistent,-3.4,92.649,-30.1,0.716,5017.5,0,0.6495584814900703,1,CatBoost
31,self-employed,married,university.degree,no,no,no,cellular,sep,wed,1,3,1,success,-3.4,92.379,-29.8,0.768,5017.5,1,0.6492622081983651,0,CatBoost
43,management,married,unknown,no,yes,no,telephone,dec,mon,2,8,1,success,-3.0,92.713,-33.0,0.709,5023.5,1,0.64754179958544,0,CatBoost
24,student,single,unknown,no,yes,no,cellular,sep,wed,1,17,4,failure,-1.1,94.199,-37.5,0.886,4963.6,0,0.6474829088350098,0,CatBoost
32,admin.,married,university.degree,no,yes,no,cellular,nov,wed,3,999,0,nonexistent,-1.1,94.767,-50.8,1.03,4963.6,0,0.6470523014972179,1,CatBoost
44,admin.,divorced,high.school,no,yes,no,telephone,nov,mon,2,6,1,success,-3.4,92.649,-30.1,0.719,5017.5,1,0.6470420768641351,0,CatBoost
28,technician,married,high.school,no,yes,no,cellular,sep,mon,1,4,1,success,-3.4,92.379,-29.8,0.797,5017.5,0,0.6462081039554556,0,CatBoost
42,management,single,university.degree,no,no,no,cellular,oct,mon,1,6,1,success,-3.4,92.431,-26.9,0.743,5017.5,0,0.6455053742465887,0,CatBoost
64,retired,divorced,professional.course,no,yes,no,cellular,nov,fri,3,999,0,nonexistent,-1.1,94.767,-50.8,1.028,4963.6,0,0.6453241441492081,1,CatBoost
45,admin.,married,university.degree,no,no,no,cellular,sep,mon,1,3,2,success,-3.4,92.379,-29.8,0.797,5017.5,1,0.6452700835621566,0,CatBoost
28,admin.,single,university.degree,no,yes,no,cellular,sep,fri,1,1,3,success,-3.4,92.379,-29.8,0.773,5017.5,1,0.6451213733624611,0,CatBoost
30,student,single,high.school,no,yes,no,cellular,oct,tue,1,17,2,failure,-1.1,94.601,-49.5,1.037,4963.6,0,0.6449707165899358,1,CatBoost
44,technician,married,professional.course,no,yes,no,cellular,sep,tue,1,4,1,success,-3.4,92.379,-29.8,0.755,5017.5,1,0.6443590315285235,0,CatBoost
41,management,divorced,university.degree,no,no,no,cellular,sep,fri,5,3,3,success,-1.1,94.199,-37.5,0.879,4963.6,1,0.6440305525756768,0,CatBoost
80,retired,divorced,basic.4y,no,yes,no,telephone,sep,thu,4,999,0,nonexistent,-1.1,94.199,-37.5,0.879,4963.6,0,0.6437064527020033,1,CatBoost
59,unemployed,married,basic.9y,no,yes,yes,cellular,oct,fri,1,999,0,nonexistent,-1.1,94.601,-49.5,0.942,4963.6,0,0.6425113851380788,1,CatBoost
28,technician,single,high.school,no,unknown,unknown,cellular,oct,wed,1,6,1,success,-3.4,92.431,-26.9,0.742,5017.5,1,0.641529159299593,0,CatBoost
28,admin.,single,high.school,no,no,no,cellular,oct,wed,2,999,0,nonexistent,-1.1,94.601,-49.5,0.959,4963.6,1,0.6414804345981319,1,CatBoost
31,admin.,single,university.degree,no,yes,no,cellular,nov,thu,1,999,0,nonexistent,-1.1,94.767,-50.8,1.031,4963.6,1,0.6411305543755897,1,CatBoost
31,admin.,single,university.degree,no,yes,no,cellular,nov,thu,1,999,0,nonexistent,-1.1,94.767,-50.8,1.041,4963.6,1,0.6411305543755897,1,CatBoost
61,retired,married,university.degree,no,no,no,cellular,nov,mon,1,999,0,nonexistent,-1.1,94.767,-50.8,1.05,4963.6,0,0.6410946364342508,1,CatBoost
60,retired,married,professional.course,no,no,yes,cellular,oct,wed,2,999,1,failure,-1.1,94.601,-49.5,1.043,4963.6,0,0.6400435121361749,1,CatBoost
31,technician,married,university.degree,no,no,no,cellular,oct,tue,2,12,3,failure,-1.1,94.601,-49.5,0.982,4963.6,0,0.6399441505009523,0,CatBoost
26,technician,single,university.degree,no,yes,no,cellular,dec,tue,1,5,1,success,-3.0,92.713,-33.0,0.707,5023.5,1,0.63978667944484,0,CatBoost
48,technician,married,professional.course,no,yes,no,cellular,oct,thu,1,999,0,nonexistent,-1.1,94.601,-49.5,0.987,4963.6,0,0.6397313026279107,1,CatBoost
32,technician,married,professional.course,no,yes,no,cellular,oct,wed,2,999,0,nonexistent,-1.1,94.601,-49.5,0.959,4963.6,1,0.6395178314666843,1,CatBoost
26,admin.,single,university.degree,no,yes,yes,cellular,oct,wed,1,999,0,nonexistent,-1.1,94.601,-49.5,0.959,4963.6,0,0.6384778806658346,1,CatBoost
31,admin.,single,university.degree,no,no,yes,cellular,nov,wed,2,3,6,success,-1.1,94.767,-50.8,1.048,4963.6,0,0.6366575663435176,0,CatBoost
60,retired,married,basic.4y,no,yes,no,cellular,oct,wed,2,999,1,failure,-1.1,94.601,-49.5,0.985,4963.6,0,0.6355942755723955,1,CatBoost
29,admin.,single,university.degree,no,no,yes,cellular,nov,wed,1,3,1,success,-3.4,92.649,-30.1,0.715,5017.5,1,0.635086437367506,0,CatBoost
39,admin.,married,high.school,no,no,no,cellular,nov,mon,1,3,2,success,-3.4,92.649,-30.1,0.714,5017.5,0,0.6331116830264693,0,CatBoost
64,retired,married,professional.course,no,yes,no,cellular,sep,wed,2,999,0,nonexistent,-1.1,94.199,-37.5,0.886,4963.6,1,0.6318743097108912,1,CatBoost
50,admin.,married,high.school,no,yes,no,cellular,oct,thu,1,999,0,nonexistent,-1.1,94.601,-49.5,0.987,4963.6,1,0.6318219292357482,1,CatBoost
38,housemaid,divorced,university.degree,no,no,no,cellular,nov,wed,2,999,0,nonexistent,-1.1,94.767,-50.8,1.03,4963.6,1,0.6316814362504772,1,CatBoost
37,self-employed,married,professional.course,no,yes,yes,cellular,nov,mon,1,5,1,success,-3.4,92.649,-30.1,0.722,5017.5,1,0.6316595948079325,0,CatBoost
27,admin.,single,university.degree,no,no,no,cellular,oct,mon,1,999,0,nonexistent,-1.1,94.601,-49.5,0.977,4963.6,1,0.631202617766619,1,CatBoost
41,admin.,married,university.degree,no,no,no,telephone,nov,tue,2,3,1,success,-3.4,92.649,-30.1,0.715,5017.5,1,0.6310646168642723,0,CatBoost
60,admin.,married,high.school,no,no,no,cellular,oct,tue,1,999,1,failure,-1.1,94.601,-49.5,1.037,4963.6,1,0.6309708429949349,1,CatBoost
48,technician,married,university.degree,no,yes,yes,cellular,oct,tue,2,999,0,nonexistent,-1.1,94.601,-49.5,1.008,4963.6,1,0.6308597188405047,1,CatBoost
38,entrepreneur,married,university.degree,no,no,no,cellular,nov,wed,2,999,0,nonexistent,-1.1,94.767,-50.8,1.03,4963.6,0,0.6307911256562607,1,CatBoost
39,entrepreneur,married,basic.6y,no,yes,no,cellular,sep,tue,2,16,1,success,-3.4,92.379,-29.8,0.819,5017.5,1,0.6302333282336291,0,CatBoost
32,self-employed,married,university.degree,no,yes,no,cellular,nov,thu,1,6,3,failure,-3.4,92.649,-30.1,0.714,5017.5,1,0.6300656492736166,0,CatBoost
36,admin.,single,university.degree,no,no,no,cellular,oct,thu,2,999,0,nonexistent,-1.1,94.601,-49.5,0.965,4963.6,0,0.6288563427898866,1,CatBoost
23,student,single,high.school,no,yes,no,cellular,oct,thu,3,999,0,nonexistent,-1.1,94.601,-49.5,1.025,4963.6,0,0.6271039992086693,1,CatBoost
26,admin.,single,university.degree,no,no,no,cellular,nov,fri,3,999,0,nonexistent,-1.1,94.767,-50.8,1.04,4963.6,1,0.6266499401428933,1,CatBoost
33,management,single,university.degree,no,no,no,cellular,oct,thu,3,999,0,nonexistent,-1.1,94.601,-49.5,0.987,4963.6,0,0.6264220998064886,1,CatBoost
59,services,married,university.degree,no,yes,no,cellular,oct,mon,1,999,0,nonexistent,-1.1,94.601,-49.5,0.977,4963.6,0,0.6253925651037509,1,CatBoost
56,retired,married,university.degree,no,yes,no,cellular,nov,fri,2,999,0,nonexistent,-1.1,94.767,-50.8,1.028,4963.6,0,0.6238219269280784,1,CatBoost
86,retired,married,basic.4y,no,yes,no,cellular,sep,tue,3,999,0,nonexistent,-1.1,94.199,-37.5,0.881,4963.6,1,0.6237855316895091,1,CatBoost
26,technician,single,university.degree,no,no,no,cellular,oct,wed,1,999,0,nonexistent,-1.1,94.601,-49.5,0.959,4963.6,1,0.6231514398390786,1,CatBoost
81,retired,married,basic.4y,no,yes,no,cellular,oct,wed,1,999,2,failure,-1.1,94.601,-49.5,1.016,4963.6,1,0.622575154403867,1,CatBoost
37,technician,single,professional.course,no,yes,no,cellular,nov,wed,1,999,0,nonexistent,-1.1,94.767,-50.8,1.044,4963.6,1,0.6223382216246904,1,CatBoost
71,retired,married,high.school,no,no,no,cellular,sep,wed,1,999,0,nonexistent,-1.1,94.199,-37.5,0.886,4963.6,0,0.620942037268403,1,CatBoost
22,self-employed,single,professional.course,no,yes,no,cellular,oct,wed,1,999,0,nonexistent,-1.1,94.601,-49.5,0.959,4963.6,1,0.6198911005429643,1,CatBoost
29,admin.,single,university.degree,no,yes,no,cellular,oct,mon,1,999,0,nonexistent,-1.1,94.601,-49.5,1.0,4963.6,1,0.6195563862015934,1,CatBoost
31,student,single,high.school,no,yes,no,cellular,oct,fri,3,999,0,nonexistent,-1.1,94.601,-49.5,1.029,4963.6,1,0.6192482943309121,1,CatBoost
27,student,single,high.school,no,no,yes,cellular,nov,tue,1,999,0,nonexistent,-1.1,94.767,-50.8,1.049,4963.6,0,0.6192289294391141,1,CatBoost
26,blue-collar,single,basic.6y,no,no,no,cellular,oct,wed,1,999,0,nonexistent,-1.1,94.601,-49.5,0.959,4963.6,1,0.619216277885016,1,CatBoost
55,admin.,married,high.school,no,no,no,telephone,oct,mon,2,10,3,success,-1.1,94.601,-49.5,0.977,4963.6,0,0.619158367870219,0,CatBoost
50,management,married,university.degree,no,yes,no,cellular,oct,fri,2,999,0,nonexistent,-1.1,94.601,-49.5,0.942,4963.6,0,0.6189268588409529,1,CatBoost
25,student,single,high.school,no,no,no,cellular,nov,thu,1,999,0,nonexistent,-1.1,94.767,-50.8,1.041,4963.6,1,0.6189054864999308,1,CatBoost
41,admin.,single,high.school,no,no,no,cellular,oct,thu,2,999,0,nonexistent,-1.1,94.601,-49.5,0.987,4963.6,0,0.6188996098148769,1,CatBoost
36,admin.,married,university.degree,no,no,no,cellular,nov,fri,2,999,0,nonexistent,-1.1,94.767,-50.8,1.028,4963.6,0,0.6181293336392736,1,CatBoost
21,student,single,high.school,no,no,no,cellular,oct,tue,1,999,0,nonexistent,-1.1,94.601,-49.5,0.982,4963.6,1,0.6180568725002028,1,CatBoost
32,technician,married,professional.course,no,no,no,cellular,oct,wed,1,999,0,nonexistent,-1.1,94.601,-49.5,0.959,4963.6,1,0.6174192143943855,1,CatBoost
25,student,single,high.school,no,no,no,cellular,oct,fri,3,999,0,nonexistent,-1.1,94.601,-49.5,1.029,4963.6,1,0.6158324458045895,1,CatBoost
68,retired,divorced,high.school,no,yes,no,cellular,oct,mon,1,999,0,nonexistent,-1.1,94.601,-49.5,1.0,4963.6,1,0.6157764402770809,1,CatBoost
26,admin.,single,university.degree,no,yes,no,telephone,sep,thu,1,7,1,success,-3.4,92.379,-29.8,0.809,5017.5,1,0.6157363929766669,0,CatBoost
21,student,single,high.school,no,no,no,cellular,oct,tue,2,999,0,nonexistent,-1.1,94.601,-49.5,1.037,4963.6,1,0.6149905958344232,1,CatBoost
62,blue-collar,married,unknown,no,no,no,cellular,oct,fri,3,999,0,nonexistent,-1.1,94.601,-49.5,0.972,4963.6,0,0.6148851614175588,1,CatBoost
37,admin.,married,university.degree,no,yes,no,cellular,nov,fri,1,999,0,nonexistent,-1.1,94.767,-50.8,1.04,4963.6,1,0.6148269849931846,1,CatBoost
37,admin.,married,university.degree,no,yes,no,cellular,nov,fri,1,999,0,nonexistent,-1.1,94.767,-50.8,1.028,4963.6,1,0.6148269849931846,1,CatBoost
29,admin.,single,high.school,no,no,no,telephone,oct,thu,2,6,1,success,-1.1,94.601,-49.5,1.025,4963.6,1,0.614771831609608,0,CatBoost
32,admin.,single,university.degree,no,unknown,unknown,telephone,nov,mon,3,7,1,success,-3.4,92.649,-30.1,0.722,5017.5,0,0.6143410297212939,0,CatBoost
61,admin.,married,high.school,no,yes,no,cellular,oct,mon,4,999,0,nonexistent,-1.1,94.601,-49.5,0.977,4963.6,0,0.6143177692696857,1,CatBoost
44,admin.,married,university.degree,no,yes,no,cellular,sep,thu,1,14,1,success,-3.4,92.379,-29.8,0.809,5017.5,0,0.6136836998671926,0,CatBoost
79,retired,married,basic.4y,no,no,yes,cellular,nov,tue,1,999,0,nonexistent,-3.4,92.649,-30.1,0.72,5017.5,1,0.6136107362949196,1,CatBoost
31,admin.,single,high.school,no,no,no,cellular,sep,mon,5,6,3,success,-1.1,94.199,-37.5,0.879,4963.6,1,0.6129087077311894,0,CatBoost
39,housemaid,married,basic.4y,no,no,no,cellular,oct,fri,1,999,0,nonexistent,-1.1,94.601,-49.5,0.972,4963.6,0,0.6126736117815772,1,CatBoost
31,admin.,single,high.school,no,yes,no,cellular,nov,wed,2,999,0,nonexistent,-1.1,94.767,-50.8,1.044,4963.6,1,0.6125915826107353,1,CatBoost
50,blue-collar,divorced,professional.course,no,yes,no,telephone,nov,tue,2,7,2,success,-1.1,94.767,-50.8,1.049,4963.6,1,0.6124443135678034,0,CatBoost
39,technician,married,university.degree,no,yes,no,cellular,oct,fri,1,7,2,failure,-3.4,92.431,-26.9,0.739,5017.5,0,0.6122406006861677,0,CatBoost
54,self-employed,married,university.degree,no,no,no,cellular,oct,thu,3,999,0,nonexistent,-1.1,94.601,-49.5,0.987,4963.6,0,0.6117516357779571,1,CatBoost
30,student,single,high.school,no,yes,no,cellular,sep,wed,2,999,0,nonexistent,-1.1,94.199,-37.5,0.886,4963.6,0,0.611713572565534,1,CatBoost
27,technician,single,university.degree,no,no,no,cellular,oct,wed,2,999,0,nonexistent,-1.1,94.601,-49.5,1.043,4963.6,0,0.6116498510378893,1,CatBoost
37,admin.,single,high.school,no,no,no,cellular,oct,thu,1,999,0,nonexistent,-1.1,94.601,-49.5,0.987,4963.6,1,0.610260864760929,1,CatBoost
37,admin.,single,high.school,no,no,no,cellular,oct,thu,1,999,0,nonexistent,-1.1,94.601,-49.5,0.987,4963.6,0,0.610260864760929,1,CatBoost
74,retired,married,unknown,no,yes,yes,cellular,oct,wed,1,999,0,nonexistent,-3.4,92.431,-26.9,0.742,5017.5,1,0.6097036677703939,1,CatBoost
60,retired,married,university.degree,no,yes,no,cellular,oct,mon,2,999,0,nonexistent,-1.1,94.601,-49.5,1.0,4963.6,0,0.6094664158249908,1,CatBoost
38,admin.,single,university.degree,unknown,yes,no,cellular,sep,wed,1,3,1,success,-3.4,92.379,-29.8,0.768,5017.5,1,0.6091513057092932,0,CatBoost
56,housemaid,divorced,professional.course,no,yes,no,cellular,nov,tue,1,7,2,failure,-3.4,92.649,-30.1,0.72,5017.5,1,0.608317093708481,0,CatBoost
83,retired,married,high.school,no,no,no,cellular,dec,thu,1,4,3,success,-3.0,92.713,-33.0,0.72,5023.5,1,0.6079537714709283,0,CatBoost
19,student,single,basic.9y,no,yes,no,cellular,nov,wed,1,999,1,failure,-1.1,94.767,-50.8,1.048,4963.6,0,0.6067637131928029,1,CatBoost
32,technician,married,professional.course,no,no,no,cellular,oct,wed,2,14,4,failure,-1.1,94.601,-49.5,0.959,4963.6,0,0.606320006090571,0,CatBoost
40,technician,single,university.degree,no,yes,no,cellular,nov,mon,2,3,1,success,-3.4,92.649,-30.1,0.714,5017.5,0,0.6053033785369888,0,CatBoost
81,retired,divorced,basic.4y,no,yes,no,cellular,dec,fri,3,999,0,nonexistent,-3.0,92.713,-33.0,0.714,5023.5,1,0.6052077299953065,1,CatBoost
41,admin.,married,university.degree,no,yes,no,cellular,nov,fri,4,999,0,nonexistent,-1.1,94.767,-50.8,1.04,4963.6,1,0.604941869229943,1,CatBoost
24,technician,single,university.degree,no,yes,yes,cellular,nov,tue,3,6,3,failure,-1.1,94.767,-50.8,1.049,4963.6,1,0.6043134897518857,0,CatBoost
27,admin.,married,university.degree,no,yes,no,cellular,sep,tue,2,6,2,failure,-3.4,92.379,-29.8,0.77,5017.5,1,0.6033496481824,0,CatBoost
53,admin.,married,university.degree,no,yes,yes,telephone,dec,mon,1,6,2,success,-3.0,92.713,-33.0,0.706,5023.5,1,0.6020911812597602,0,CatBoost
46,services,married,university.degree,no,yes,no,cellular,sep,wed,1,999,0,nonexistent,-1.1,94.199,-37.5,0.88,4963.6,1,0.601724348235358,1,CatBoost
37,blue-collar,married,basic.6y,no,no,no,cellular,oct,thu,2,6,3,failure,-3.4,92.431,-26.9,0.74,5017.5,1,0.6013387793980945,0,CatBoost
31,services,married,high.school,no,yes,no,cellular,nov,fri,3,999,0,nonexistent,-1.1,94.767,-50.8,1.04,4963.6,0,0.6000772705542884,1,CatBoost
58,admin.,married,high.school,no,yes,no,cellular,nov,tue,1,999,2,failure,-1.1,94.767,-50.8,1.046,4963.6,0,0.599883039991058,1,CatBoost
45,unemployed,married,professional.course,unknown,no,no,telephone,sep,thu,1,6,2,failure,-1.1,94.199,-37.5,0.879,4963.6,1,0.5995667848583894,0,CatBoost
34,admin.,married,university.degree,no,yes,no,cellular,sep,wed,2,999,0,nonexistent,-1.1,94.199,-37.5,0.886,4963.6,0,0.5977259485134989,1,CatBoost
33,management,married,university.degree,no,yes,no,cellular,nov,fri,2,999,0,nonexistent,-1.1,94.767,-50.8,1.04,4963.6,1,0.597252374647561,1,CatBoost
40,technician,single,university.degree,no,yes,no,cellular,nov,mon,1,7,1,success,-3.4,92.649,-30.1,0.714,5017.5,0,0.5961037263138986,0,CatBoost
61,admin.,married,high.school,no,no,no,telephone,nov,wed,4,999,0,nonexistent,-1.1,94.767,-50.8,1.044,4963.6,0,0.5952528168286918,1,CatBoost
70,retired,married,basic.4y,unknown,no,no,cellular,oct,thu,1,14,3,failure,-1.1,94.601,-49.5,0.965,4963.6,0,0.5940523650298696,1,CatBoost
29,admin.,single,university.degree,no,no,no,cellular,oct,mon,2,12,2,failure,-1.1,94.601,-49.5,0.977,4963.6,0,0.5929445628738621,0,CatBoost
42,management,married,university.degree,no,no,no,telephone,oct,tue,1,3,1,success,-3.4,92.431,-26.9,0.728,5017.5,1,0.5928009159386988,0,CatBoost
