age,job,marital,education,default,housing,loan,contact,month,day_of_week,campaign,pdays,previous,poutcome,emp.var.rate,cons.price.idx,cons.conf.idx,euribor3m,nr.employed,y_true,y_score,segment_id
65,retired,married,basic.4y,no,yes,no,cellular,oct,wed,1,3,3,success,-1.1,94.601,-49.5,1.043,4963.6,1,0.9205620258499541,2
81,retired,divorced,basic.4y,no,no,no,cellular,sep,wed,2,7,1,success,-1.1,94.199,-37.5,0.886,4963.6,1,0.9196147973217818,0
65,retired,married,basic.4y,no,yes,yes,cellular,oct,wed,1,3,3,success,-1.1,94.601,-49.5,0.985,4963.6,1,0.9141892885011716,2
60,admin.,married,unknown,no,no,no,cellular,nov,tue,1,7,2,success,-1.1,94.767,-50.8,1.046,4963.6,1,0.9090187659348519,2
54,admin.,married,high.school,no,no,no,cellular,oct,wed,2,6,2,success,-1.1,94.601,-49.5,0.985,4963.6,1,0.9040378799900953,2
59,admin.,divorced,high.school,no,no,no,cellular,nov,thu,3,3,2,success,-1.1,94.767,-50.8,1.05,4963.6,1,0.9015453751555405,2
62,admin.,married,high.school,no,no,no,cellular,oct,tue,1,4,3,success,-1.1,94.601,-49.5,1.037,4963.6,1,0.9010954093131419,2
57,admin.,married,university.degree,no,unknown,unknown,cellular,oct,wed,2,3,2,success,-1.1,94.601,-49.5,0.959,4963.6,1,0.8993832556484022,2
60,blue-collar,married,basic.4y,no,yes,no,cellular,nov,tue,2,4,1,success,-1.1,94.767,-50.8,1.035,4963.6,0,0.8943818701804466,2
70,retired,married,professional.course,no,no,no,cellular,oct,thu,1,6,3,success,-1.1,94.601,-49.5,0.987,4963.6,1,0.8940367944040137,2
85,retired,married,basic.4y,no,no,no,cellular,sep,tue,1,3,2,success,-1.1,94.199,-37.5,0.881,4963.6,1,0.893838892094325,0
67,housemaid,divorced,professional.course,no,yes,no,cellular,nov,mon,2,5,5,success,-1.1,94.767,-50.8,1.039,4963.6,1,0.8922950366326489,2
62,retired,married,university.degree,no,no,no,cellular,nov,thu,2,6,3,success,-1.1,94.767,-50.8,1.031,4963.6,1,0.8857416817632318,2
82,housemaid,married,basic.4y,no,no,no,telephone,sep,tue,3,3,2,success,-1.1,94.199,-37.5,0.877,4963.6,1,0.8856088138985223,0
66,retired,married,basic.4y,unknown,unknown,unknown,cellular,oct,wed,1,6,3,success,-1.1,94.601,-49.5,0.985,4963.6,1,0.8847693711955553,2
54,services,divorced,high.school,no,yes,yes,cellular,oct,wed,4,3,1,success,-1.1,94.601,-49.5,1.016,4963.6,1,0.8839194504265109,2
35,admin.,married,university.degree,no,no,no,cellular,oct,wed,1,3,2,success,-1.1,94.601,-49.5,0.985,4963.6,1,0.8795382082926995,2
34,admin.,married,university.degree,no,no,no,cellular,nov,wed,1,3,3,success,-1.1,94.767,-50.8,1.048,4963.6,0,0.8795382082926995,2
63,admin.,married,university.degree,no,yes,no,cellular,oct,thu,2,6,1,success,-1.1,94.601,-49.5,0.987,4963.6,0,0.8783379064813468,2
65,retired,married,basic.4y,no,no,no,cellular,oct,fri,2,7,3,success,-1.1,94.601,-49.5,0.993,4963.6,1,0.876499739913584,2
69,retired,married,high.school,no,yes,yes,cellular,sep,wed,1,6,2,success,-1.1,94.199,-37.5,0.886,4963.6,1,0.8736098414465563,0
30,management,married,university.degree,no,no,yes,cellular,oct,wed,1,6,1,success,-1.1,94.601,-49.5,1.043,4963.6,1,0.8733977201094887,2
23,student,single,high.school,no,no,no,cellular,oct,wed,1,3,1,success,-1.1,94.601,-49.5,1.043,4963.6,0,0.8730985911450923,2
37,technician,single,professional.course,no,yes,no,cellular,nov,wed,1,6,4,success,-1.1,94.767,-50.8,1.044,4963.6,1,0.8714586958143843,2
19,student,single,basic.4y,no,yes,no,cellular,sep,wed,2,6,3,success,-1.1,94.199,-37.5,0.876,4963.6,1,0.8700301003087529,0
54,admin.,married,professional.course,no,no,no,cellular,nov,tue,2,10,1,success,-1.1,94.767,-50.8,1.035,4963.6,1,0.8696837934718511,2
63,retired,married,basic.4y,no,yes,no,cellular,nov,fri,1,3,2,success,-1.1,94.767,-50.8,1.049,4963.6,1,0.8696836560838961,2
59,admin.,married,university.degree,no,no,yes,cellular,sep,wed,1,3,1,success,-1.1,94.199,-37.5,0.886,4963.6,1,0.8692537074979529,0
86,retired,married,unknown,unknown,yes,yes,cellular,sep,tue,1,7,4,success,-1.1,94.199,-37.5,0.877,4963.6,1,0.8683467925978131,0
51,admin.,divorced,high.school,no,yes,no,cellular,nov,tue,1,3,7,success,-1.1,94.767,-50.8,1.049,4963.6,0,0.86570860180171,2
50,blue-collar,divorced,professional.course,no,yes,no,cellular,nov,tue,2,9,3,success,-1.1,94.767,-50.8,1.049,4963.6,0,0.8645309825705523,2
81,retired,divorced,basic.4y,no,yes,no,cellular,oct,thu,2,3,2,success,-1.1,94.601,-49.5,0.987,4963.6,0,0.8629155340466613,2
32,technician,married,professional.course,no,no,no,cellular,oct,wed,1,3,1,success,-1.1,94.601,-49.5,0.959,4963.6,1,0.8611481641137348,2
51,admin.,married,university.degree,no,yes,yes,cellular,oct,thu,3,3,1,success,-1.1,94.601,-49.5,0.965,4963.6,1,0.8590391621874929,2
84,retired,divorced,basic.4y,unknown,yes,yes,cellular,oct,mon,4,3,1,success,-1.1,94.601,-49.5,1.0,4963.6,0,0.8571517789490992,2
31,student,single,unknown,no,unknown,unknown,cellular,sep,wed,2,6,2,success,-1.1,94.199,-37.5,0.88,4963.6,1,0.856346629929388,0
37,housemaid,married,university.degree,no,no,no,cellular,oct,thu,1,6,2,success,-1.1,94.601,-49.5,1.025,4963.6,1,0.8554670550582372,2
41,technician,married,professional.course,no,no,no,cellular,oct,wed,2,27,1,success,-1.1,94.601,-49.5,0.959,4963.6,1,0.852748248495224,2
60,retired,married,high.school,no,no,no,cellular,sep,wed,1,6,1,success,-1.1,94.199,-37.5,0.876,4963.6,1,0.8519131288175834,0
48,technician,married,professional.course,no,no,no,cellular,oct,thu,1,6,3,success,-1.1,94.601,-49.5,0.987,4963.6,1,0.8504292440439022,2
84,retired,divorced,unknown,unknown,no,no,cellular,sep,tue,1,3,2,success,-1.1,94.199,-37.5,0.877,4963.6,1,0.8490223817014183,0
24,student,single,high.school,no,yes,yes,cellular,sep,wed,2,6,2,success,-1.1,94.199,-37.5,0.876,4963.6,1,0.8487003385283884,0
81,retired,married,university.degree,unknown,yes,yes,cellular,oct,tue,2,6,1,success,-3.4,92.431,-26.9,0.728,5017.5,0,0.8486039196534391,0
41,admin.,married,unknown,no,no,no,cellular,sep,wed,1,7,3,success,-1.1,94.199,-37.5,0.886,4963.6,1,0.8474501521140635,0
65,retired,married,high.school,no,yes,yes,cellular,oct,fri,2,12,1,success,-1.1,94.601,-49.5,1.029,4963.6,1,0.8452761080338711,2
37,management,married,university.degree,no,yes,no,cellular,oct,thu,3,5,5,success,-1.1,94.601,-49.5,1.025,4963.6,1,0.8436115782794573,2
37,admin.,married,university.degree,no,no,no,cellular,sep,wed,2,6,2,success,-1.1,94.199,-37.5,0.886,4963.6,1,0.8432262584900548,0
37,housemaid,married,university.degree,no,no,no,cellular,oct,thu,2,13,2,success,-1.1,94.601,-49.5,1.025,4963.6,1,0.8419165402642315,2
28,self-employed,single,university.degree,no,yes,no,cellular,nov,thu,2,6,3,success,-1.1,94.767,-50.8,1.041,4963.6,0,0.8408798294577767,2
24,student,single,unknown,no,yes,no,cellular,sep,wed,1,5,1,success,-1.1,94.199,-37.5,0.886,4963.6,1,0.8394103377314928,0
68,retired,divorced,high.school,no,yes,yes,cellular,oct,mon,1,3,1,success,-1.1,94.601,-49.5,1.0,4963.6,1,0.8392237121245858,2
80,retired,divorced,unknown,no,yes,yes,cellular,nov,fri,2,3,1,success,-3.4,92.649,-30.1,0.714,5017.5,1,0.8390550411371837,0
33,admin.,single,university.degree,no,yes,no,cellular,oct,thu,1,3,3,success,-1.1,94.601,-49.5,1.025,4963.6,1,0.8390157869637631,2
79,retired,married,basic.4y,no,no,yes,cellular,nov,tue,2,3,1,success,-3.4,92.649,-30.1,0.715,5017.5,1,0.8387009766615156,0
34,technician,married,unknown,no,no,no,cellular,nov,tue,1,6,2,success,-1.1,94.767,-50.8,1.046,4963.6,1,0.8386788305761899,2
37,management,married,university.degree,no,yes,no,cellular,oct,thu,3,3,3,success,-1.1,94.601,-49.5,1.025,4963.6,1,0.8371726920757269,2
34,technician,married,unknown,no,yes,no,cellular,nov,tue,1,3,1,success,-1.1,94.767,-50.8,1.046,4963.6,1,0.8370690397110134,2
56,unemployed,divorced,basic.4y,no,no,yes,cellular,oct,fri,2,5,3,success,-1.1,94.601,-49.5,0.972,4963.6,1,0.8360118804174544,2
31,technician,married,university.degree,no,yes,yes,cellular,oct,tue,4,6,2,success,-1.1,94.601,-49.5,0.982,4963.6,1,0.8358311834716455,2
41,unemployed,married,basic.9y,no,no,no,cellular,nov,thu,2,3,2,success,-1.1,94.767,-50.8,1.041,4963.6,1,0.8354829176492422,2
74,retired,married,university.degree,no,yes,no,cellular,oct,fri,2,3,2,success,-1.1,94.601,-49.5,0.993,4963.6,0,0.8350954189666355,2
83,retired,divorced,basic.4y,no,no,no,cellular,sep,thu,1,9,3,success,-1.1,94.199,-37.5,0.879,4963.6,1,0.8349610655449258,0
37,housemaid,married,university.degree,no,no,no,cellular,oct,thu,2,11,4,success,-1.1,94.601,-49.5,1.025,4963.6,1,0.8348027195458668,2
31,admin.,single,university.degree,no,yes,no,cellular,nov,wed,1,2,5,success,-1.1,94.767,-50.8,1.048,4963.6,1,0.8332912767895774,2
31,admin.,single,university.degree,no,unknown,unknown,cellular,oct,tue,1,3,1,success,-1.1,94.601,-49.5,1.008,4963.6,1,0.8325908165933298,2
63,unknown,married,professional.course,no,no,no,cellular,oct,thu,1,6,1,success,-1.1,94.601,-49.5,1.025,4963.6,0,0.8325594519709195,2
42,management,married,university.degree,no,yes,no,cellular,sep,wed,1,3,2,success,-1.1,94.199,-37.5,0.886,4963.6,1,0.8320095518974236,0
60,retired,married,university.degree,no,no,no,cellular,sep,thu,2,6,1,success,-1.1,94.199,-37.5,0.884,4963.6,1,0.8307051268485032,0
65,retired,married,basic.4y,no,yes,yes,cellular,oct,mon,1,3,1,success,-1.1,94.601,-49.5,0.977,4963.6,1,0.829677543726257,2
24,blue-collar,single,high.school,no,no,no,cellular,oct,thu,1,3,1,success,-1.1,94.601,-49.5,1.025,4963.6,1,0.8275250890553483,2
45,management,married,university.degree,no,no,no,cellular,sep,wed,2,3,2,success,-1.1,94.199,-37.5,0.886,4963.6,1,0.8274383694603488,0
27,admin.,single,university.degree,no,yes,yes,cellular,oct,tue,1,3,2,success,-1.1,94.601,-49.5,0.982,4963.6,0,0.825559349746631,2
30,student,single,professional.course,no,unknown,unknown,cellular,sep,mon,4,6,3,success,-1.1,94.199,-37.5,0.879,4963.6,0,0.8233918437621354,0
57,management,married,university.degree,no,no,no,cellular,sep,fri,2,6,2,success,-1.1,94.199,-37.5,0.883,4963.6,1,0.8230574229489399,0
31,admin.,single,university.degree,no,no,yes,cellular,nov,wed,2,3,6,success,-1.1,94.767,-50.8,1.048,4963.6,0,0.8225694704831604,2
28,admin.,single,university.degree,no,no,no,cellular,oct,thu,1,17,1,success,-1.1,94.601,-49.5,0.965,4963.6,0,0.8225444227981595,2
56,technician,divorced,professional.course,no,no,no,cellular,oct,mon,1,3,2,success,-1.1,94.601,-49.5,1.0,4963.6,1,0.822206131646396,2
76,retired,married,university.degree,no,no,yes,cellular,dec,thu,3,4,2,success,-3.0,92.713,-33.0,0.712,5023.5,1,0.8219619931678512,0
76,retired,married,university.degree,no,yes,yes,cellular,dec,thu,2,4,2,success,-3.0,92.713,-33.0,0.712,5023.5,1,0.8210961206763457,0
35,technician,divorced,basic.4y,no,yes,no,cellular,nov,tue,1,9,4,success,-1.1,94.767,-50.8,1.035,4963.6,1,0.820518649944436,2
19,student,single,basic.6y,no,yes,yes,cellular,sep,thu,5,13,1,success,-1.1,94.199,-37.5,0.879,4963.6,1,0.819727815990899,0
51,services,married,high.school,no,yes,no,cellular,nov,mon,3,6,3,success,-1.1,94.767,-50.8,1.05,4963.6,0,0.8178469469524294,2
59,services,married,professional.course,no,yes,no,cellular,sep,fri,3,2,4,success,-1.1,94.199,-37.5,0.883,4963.6,0,0.8170237731854982,0
60,admin.,married,professional.course,no,yes,yes,cellular,sep,thu,1,6,1,success,-1.1,94.199,-37.5,0.879,4963.6,1,0.8167526689709508,0
58,admin.,married,university.degree,no,no,no,cellular,sep,thu,4,6,1,success,-1.1,94.199,-37.5,0.878,4963.6,1,0.8166516763952423,0
45,admin.,married,high.school,no,yes,no,cellular,oct,fri,3,6,1,success,-1.1,94.601,-49.5,1.029,4963.6,1,0.8163116074747909,2
37,unemployed,single,professional.course,no,no,no,cellular,oct,fri,4,6,1,success,-1.1,94.601,-49.5,1.029,4963.6,0,0.8158107234280477,2
25,student,single,high.school,no,yes,no,cellular,oct,fri,1,3,1,success,-1.1,94.601,-49.5,1.029,4963.6,1,0.8156788107548414,2
51,services,married,high.school,no,no,yes,cellular,nov,mon,2,3,4,success,-1.1,94.767,-50.8,1.05,4963.6,0,0.8155940806428484,2
58,admin.,married,high.school,no,no,no,cellular,sep,thu,1,6,1,success,-1.1,94.199,-37.5,0.878,4963.6,1,0.8151963566799797,0
88,retired,divorced,basic.4y,no,no,no,cellular,oct,wed,2,6,1,success,-3.4,92.431,-26.9,0.735,5017.5,1,0.8145979442525941,0
29,technician,married,professional.course,no,yes,no,cellular,oct,fri,1,5,2,success,-1.1,94.601,-49.5,0.972,4963.6,1,0.813751132375908,2
49,admin.,married,high.school,unknown,no,no,cellular,oct,wed,1,6,3,success,-1.1,94.601,-49.5,0.985,4963.6,1,0.8133865880777867,2
66,retired,married,unknown,no,yes,no,cellular,sep,tue,2,6,1,success,-1.1,94.199,-37.5,0.881,4963.6,1,0.8126809348502536,0
35,technician,divorced,basic.4y,no,yes,no,cellular,nov,tue,3,4,2,success,-1.1,94.767,-50.8,1.035,4963.6,1,0.8123450444808212,2
42,admin.,divorced,university.degree,no,no,no,cellular,sep,wed,1,16,1,success,-1.1,94.199,-37.5,0.886,4963.6,1,0.8121637008757243,0
25,student,single,high.school,no,yes,no,cellular,oct,mon,1,6,4,success,-1.1,94.601,-49.5,1.032,4963.6,0,0.8121329041437905,2
33,admin.,married,university.degree,no,yes,no,cellular,nov,fri,1,12,1,success,-1.1,94.767,-50.8,1.049,4963.6,1,0.8118578505502909,2
67,unknown,divorced,unknown,unknown,yes,no,cellular,sep,wed,2,6,2,success,-1.1,94.199,-37.5,0.88,4963.6,1,0.8114168352562244,0
23,student,single,high.school,no,no,yes,cellular,sep,thu,2,3,2,success,-1.1,94.199,-37.5,0.878,4963.6,1,0.8108310140772153,0
82,retired,married,university.degree,unknown,no,no,cellular,sep,mon,3,3,4,success,-1.1,94.199,-37.5,0.879,4963.6,0,0.8083515281094418,0
59,management,married,university.degree,no,yes,no,cellular,dec,thu,3,6,1,success,-3.0,92.713,-33.0,0.7,5023.5,0,0.8081400597680098,0
32,technician,married,professional.course,no,no,no,cellular,oct,wed,2,14,4,failure,-1.1,94.601,-49.5,0.959,4963.6,0,0.8075171586574902,2
49,technician,divorced,professional.course,no,yes,no,cellular,oct,fri,2,3,1,success,-1.1,94.601,-49.5,0.972,4963.6,1,0.8072440683779248,2
23,student,single,basic.9y,no,yes,yes,cellular,sep,mon,3,6,2,success,-1.1,94.199,-37.5,0.879,4963.6,1,0.8070597741849739,0
22,student,single,high.school,no,no,no,cellular,sep,wed,3,5,1,success,-1.1,94.199,-37.5,0.886,4963.6,1,0.8065452445633642,0
41,unemployed,married,high.school,no,no,no,cellular,sep,wed,1,6,3,success,-1.1,94.199,-37.5,0.879,4963.6,1,0.8065237997275668,0
25,student,single,high.school,no,yes,no,cellular,oct,mon,2,6,3,success,-1.1,94.601,-49.5,1.032,4963.6,1,0.8064711651150512,2
29,technician,single,professional.course,no,no,yes,cellular,nov,fri,1,6,2,success,-1.1,94.767,-50.8,1.04,4963.6,0,0.8064216554188581,2
53,management,divorced,university.degree,no,no,no,cellular,sep,tue,2,3,2,success,-1.1,94.199,-37.5,0.877,4963.6,1,0.8061356455335157,0
38,blue-collar,single,high.school,no,yes,no,cellular,sep,wed,1,6,3,success,-1.1,94.199,-37.5,0.879,4963.6,1,0.8056998914055377,0
24,admin.,single,university.degree,no,yes,no,cellular,oct,fri,3,3,2,success,-1.1,94.601,-49.5,0.993,4963.6,1,0.8051297084439397,2
29,student,single,professional.course,no,yes,yes,cellular,nov,thu,1,7,1,success,-3.4,92.649,-30.1,0.714,5017.5,1,0.804248849740351,0
76,retired,married,basic.4y,no,yes,no,cellular,sep,wed,2,3,1,success,-3.4,92.379,-29.8,0.781,5017.5,1,0.80410290968321,0
23,student,single,professional.course,no,yes,no,cellular,sep,wed,1,8,2,success,-1.1,94.199,-37.5,0.876,4963.6,1,0.8038527880151544,0
26,unemployed,single,high.school,no,yes,no,cellular,oct,fri,3,14,1,success,-1.1,94.601,-49.5,1.029,4963.6,1,0.8038104620851315,2
28,admin.,single,university.degree,no,yes,no,cellular,oct,mon,1,6,2,success,-1.1,94.601,-49.5,1.032,4963.6,0,0.8037020410563898,2
45,unemployed,married,high.school,no,no,no,cellular,sep,wed,4,6,2,success,-1.1,94.199,-37.5,0.88,4963.6,0,0.8028524172946973,0
69,unknown,married,university.degree,no,yes,yes,cellular,sep,tue,2,3,1,success,-3.4,92.379,-29.8,0.77,5017.5,0,0.8018231532876865,0
33,admin.,single,university.degree,no,yes,no,cellular,oct,mon,1,5,2,success,-1.1,94.601,-49.5,1.032,4963.6,1,0.801640468643167,2
41,unemployed,married,high.school,no,yes,yes,cellular,sep,wed,1,6,1,success,-1.1,94.199,-37.5,0.879,4963.6,1,0.8015253040737795,0
48,admin.,married,university.degree,no,yes,no,cellular,nov,mon,1,6,3,success,-1.1,94.767,-50.8,1.05,4963.6,1,0.799932914602295,2
25,technician,single,professional.course,no,yes,no,cellular,nov,fri,2,19,1,success,-1.1,94.767,-50.8,1.04,4963.6,1,0.7996851331797562,2
57,admin.,divorced,high.school,no,no,no,cellular,sep,tue,1,3,5,success,-1.1,94.199,-37.5,0.877,4963.6,1,0.7982071624031675,0
74,retired,divorced,basic.4y,no,yes,no,cellular,oct,mon,3,3,2,success,-1.1,94.601,-49.5,1.0,4963.6,0,0.7980766530741663,2
64,unknown,married,unknown,no,no,no,cellular,nov,mon,1,3,3,success,-1.1,94.767,-50.8,1.048,4963.6,0,0.7977859408874602,2
19,student,single,basic.6y,no,yes,no,cellular,sep,thu,2,6,4,success,-1.1,94.199,-37.5,0.879,4963.6,1,0.7975963831218883,0
29,unemployed,single,basic.4y,no,yes,no,cellular,nov,fri,1,9,1,success,-1.1,94.767,-50.8,1.028,4963.6,0,0.7967480975534584,2
42,admin.,single,high.school,no,no,no,cellular,sep,wed,1,14,1,success,-1.1,94.199,-37.5,0.88,4963.6,1,0.7948827072385269,0
30,technician,married,professional.course,no,yes,no,cellular,oct,mon,1,9,2,success,-1.1,94.601,-49.5,1.032,4963.6,1,0.794432637587489,2
28,admin.,single,university.degree,no,no,no,cellular,oct,mon,1,3,3,success,-1.1,94.601,-49.5,1.032,4963.6,1,0.7943632044422992,2
73,retired,divorced,high.school,no,no,yes,cellular,dec,tue,3,6,2,success,-3.0,92.713,-33.0,0.707,5023.5,1,0.7941086577371302,0
28,management,single,university.degree,no,yes,no,cellular,sep,wed,3,6,1,success,-1.1,94.199,-37.5,0.88,4963.6,1,0.7929707185208384,0
58,technician,married,basic.4y,no,no,yes,cellular,oct,wed,2,4,2,success,-3.4,92.431,-26.9,0.74,5017.5,0,0.7923036936696253,0
33,services,single,high.school,no,yes,no,cellular,oct,mon,1,6,1,success,-1.1,94.601,-49.5,1.032,4963.6,1,0.7920823358425828,2
82,retired,divorced,basic.4y,no,yes,no,cellular,nov,tue,2,3,1,success,-3.4,92.649,-30.1,0.715,5017.5,1,0.7917404634483296,0
32,admin.,single,university.degree,no,yes,no,cellular,sep,thu,2,10,3,success,-1.1,94.199,-37.5,0.884,4963.6,1,0.791456835498075,0
70,admin.,married,basic.4y,no,yes,yes,cellular,sep,tue,1,3,1,success,-3.4,92.379,-29.8,0.77,5017.5,1,0.791374606781203,0
37,admin.,married,university.degree,no,no,no,cellular,nov,mon,2,6,1,success,-1.1,94.767,-50.8,1.05,4963.6,1,0.7911486863995187,2
30,technician,married,professional.course,no,yes,no,cellular,oct,mon,1,6,1,success,-1.1,94.601,-49.5,1.032,4963.6,1,0.7911415408665401,2
36,management,divorced,university.degree,no,yes,no,cellular,sep,tue,1,6,1,success,-1.1,94.199,-37.5,0.881,4963.6,1,0.7906645379497268,0
32,technician,married,basic.9y,no,yes,no,cellular,sep,wed,1,6,1,success,-1.1,94.199,-37.5,0.879,4963.6,1,0.790314867700164,0
32,services,single,university.degree,no,yes,no,cellular,sep,thu,1,6,3,success,-1.1,94.199,-37.5,0.884,4963.6,1,0.7899957599372582,0
29,technician,single,university.degree,no,no,no,cellular,nov,mon,1,4,1,success,-1.1,94.767,-50.8,1.05,4963.6,0,0.7893352873239107,2
24,blue-collar,single,basic.9y,no,no,no,cellular,oct,mon,1,6,1,success,-1.1,94.601,-49.5,0.977,4963.6,0,0.7889354586749294,2
36,management,divorced,university.degree,no,no,no,cellular,sep,tue,3,6,1,success,-1.1,94.199,-37.5,0.881,4963.6,1,0.7883784215002401,0
44,management,married,university.degree,no,no,no,cellular,sep,wed,1,3,3,success,-1.1,94.199,-37.5,0.88,4963.6,1,0.7882235810955991,0
30,technician,unknown,university.degree,no,no,no,cellular,oct,fri,2,16,1,success,-1.1,94.601,-49.5,0.942,4963.6,0,0.7870679430708606,2
35,technician,married,professional.course,no,yes,yes,cellular,oct,wed,1,9,2,failure,-1.1,94.601,-49.5,0.959,4963.6,1,0.7866069128388311,2
62,retired,married,university.degree,no,yes,no,cellular,nov,thu,1,1,6,success,-1.1,94.767,-50.8,1.031,4963.6,1,0.7865883358257293,2
33,services,single,university.degree,no,yes,no,cellular,oct,mon,2,3,2,success,-1.1,94.601,-49.5,0.977,4963.6,1,0.7860722880603549,2
23,student,single,professional.course,no,no,no,cellular,sep,wed,2,15,1,success,-1.1,94.199,-37.5,0.876,4963.6,1,0.7860583773412914,0
20,student,single,unknown,no,yes,yes,cellular,oct,tue,1,3,4,success,-1.1,94.601,-49.5,0.982,4963.6,1,0.7858140708622086,2
26,student,single,unknown,no,yes,yes,cellular,sep,thu,1,3,1,success,-3.4,92.379,-29.8,0.809,5017.5,1,0.7845044476476462,0
29,student,single,high.school,no,yes,yes,cellular,nov,thu,1,3,3,success,-1.1,94.767,-50.8,1.05,4963.6,1,0.7841726443828616,2
69,retired,married,basic.4y,no,no,no,cellular,sep,mon,3,6,1,success,-1.1,94.199,-37.5,0.879,4963.6,0,0.7840099553140107,0
65,retired,married,high.school,no,yes,no,cellular,oct,thu,5,3,1,success,-1.1,94.601,-49.5,1.025,4963.6,0,0.7838601672973124,2
71,retired,married,basic.4y,no,yes,yes,cellular,oct,tue,1,6,1,success,-3.4,92.431,-26.9,0.728,5017.5,0,0.7826112889546801,0
41,technician,married,professional.course,no,no,no,cellular,nov,mon,2,6,1,success,-1.1,94.767,-50.8,1.039,4963.6,1,0.7814649064708686,2
64,housemaid,married,basic.4y,no,no,yes,cellular,dec,thu,1,6,1,success,-3.0,92.713,-33.0,0.714,5023.5,0,0.7812128082989312,0
62,admin.,married,high.school,no,no,no,cellular,oct,tue,4,18,2,failure,-1.1,94.601,-49.5,1.037,4963.6,1,0.7809152926469616,2
30,student,single,professional.course,no,yes,no,cellular,sep,tue,2,6,1,success,-1.1,94.199,-37.5,0.88,4963.6,1,0.7798021747915769,0
77,retired,married,unknown,no,yes,no,cellular,nov,fri,1,3,1,success,-3.4,92.649,-30.1,0.714,5017.5,1,0.7792418531383917,0
38,technician,single,professional.course,no,yes,no,cellular,sep,thu,2,6,1,success,-1.1,94.199,-37.5,0.879,4963.6,1,0.7788074338691364,0
24,student,single,unknown,no,yes,yes,telephone,sep,wed,1,10,1,success,-1.1,94.199,-37.5,0.886,4963.6,0,0.7783046945561641,0
83,retired,divorced,basic.4y,no,no,no,cellular,nov,tue,1,3,3,success,-3.4,92.649,-30.1,0.716,5017.5,1,0.7780191136585454,0
43,unemployed,married,basic.9y,no,no,no,cellular,sep,fri,2,9,1,success,-1.1,94.199,-37.5,0.883,4963.6,1,0.7779500647487281,0
26,admin.,single,university.degree,no,yes,no,cellular,sep,tue,3,6,3,success,-1.1,94.199,-37.5,0.881,4963.6,1,0.7760730797912477,0
29,admin.,single,high.school,no,yes,no,cellular,sep,thu,1,6,2,success,-1.1,94.199,-37.5,0.879,4963.6,1,0.7751847426651319,0
36,unemployed,married,high.school,no,yes,no,cellular,oct,mon,1,3,1,success,-1.1,94.601,-49.5,1.032,4963.6,1,0.7741531384606947,2
78,retired,divorced,basic.4y,no,yes,no,cellular,nov,fri,2,3,1,success,-3.4,92.649,-30.1,0.714,5017.5,1,0.7741408282583855,0
60,unemployed,married,basic.6y,no,yes,no,cellular,sep,thu,1,3,1,success,-3.4,92.379,-29.8,0.809,5017.5,0,0.7740565691762439,0
34,technician,single,university.degree,no,yes,no,cellular,sep,fri,4,10,3,success,-1.1,94.199,-37.5,0.879,4963.6,1,0.7738836204536832,0
34,technician,married,professional.course,no,yes,yes,cellular,sep,fri,1,6,3,success,-1.1,94.199,-37.5,0.883,4963.6,0,0.7736564251046832,0
34,technician,married,professional.course,no,unknown,unknown,cellular,sep,fri,1,6,4,success,-1.1,94.199,-37.5,0.883,4963.6,0,0.7736564251046832,0
29,admin.,single,university.degree,no,yes,no,cellular,sep,thu,2,8,2,success,-1.1,94.199,-37.5,0.878,4963.6,0,0.7736282210893092,0
37,services,married,high.school,no,no,yes,cellular,nov,wed,4,6,1,success,-3.4,92.649,-30.1,0.715,5017.5,0,0.7730550842293842,0
34,admin.,single,high.school,no,no,no,cellular,sep,thu,1,12,1,success,-1.1,94.199,-37.5,0.879,4963.6,1,0.7728632196384803,0
48,technician,married,professional.course,no,yes,yes,cellular,oct,mon,1,8,1,success,-1.1,94.601,-49.5,0.977,4963.6,1,0.7721398251766259,2
65,retired,married,basic.4y,no,no,no,cellular,oct,wed,1,999,0,nonexistent,-1.1,94.601,-49.5,1.043,4963.6,1,0.7719069215667905,1
30,admin.,single,high.school,no,no,no,cellular,sep,fri,3,6,1,success,-1.1,94.199,-37.5,0.883,4963.6,1,0.7714026793697045,0
79,retired,married,basic.4y,no,yes,no,cellular,nov,tue,1,3,1,success,-3.4,92.649,-30.1,0.715,5017.5,1,0.7701461200019969,0
26,self-employed,single,university.degree,no,yes,no,cellular,sep,thu,1,6,4,success,-1.1,94.199,-37.5,0.878,4963.6,0,0.7700171468293977,0
60,retired,married,basic.4y,no,unknown,unknown,cellular,oct,fri,1,10,3,failure,-1.1,94.601,-49.5,0.972,4963.6,0,0.7692412476835558,2
42,technician,married,professional.course,no,yes,yes,cellular,oct,mon,1,6,1,success,-1.1,94.601,-49.5,1.0,4963.6,1,0.7688344147040564,2
27,technician,single,university.degree,no,yes,no,cellular,sep,thu,1,6,1,success,-1.1,94.199,-37.5,0.879,4963.6,1,0.7686195244686759,0
75,retired,married,basic.4y,no,yes,no,cellular,oct,wed,3,999,3,failure,-1.1,94.601,-49.5,0.959,4963.6,0,0.7675326023449204,1
50,blue-collar,divorced,professional.course,no,yes,no,telephone,nov,tue,2,7,2,success,-1.1,94.767,-50.8,1.049,4963.6,1,0.7674762461346092,2
31,admin.,married,university.degree,no,yes,no,cellular,sep,fri,2,13,1,success,-1.1,94.199,-37.5,0.879,4963.6,1,0.7668029060415185,0
53,management,divorced,university.degree,no,no,yes,cellular,nov,fri,2,3,1,success,-3.4,92.649,-30.1,0.716,5017.5,1,0.7666780091403514,0
83,retired,married,professional.course,no,yes,no,cellular,oct,fri,2,4,1,success,-3.4,92.431,-26.9,0.752,5017.5,1,0.7663533778143734,0
29,technician,single,professional.course,no,no,no,cellular,nov,tue,2,1,1,success,-1.1,94.767,-50.8,1.046,4963.6,1,0.7644046296782733,2
45,blue-collar,married,high.school,no,yes,yes,cellular,nov,mon,2,5,3,success,-1.1,94.767,-50.8,1.05,4963.6,1,0.7641378770589966,2
38,technician,single,professional.course,no,yes,no,cellular,sep,thu,3,22,1,success,-1.1,94.199,-37.5,0.879,4963.6,1,0.7638199070124748,0
56,retired,married,professional.course,no,unknown,unknown,cellular,oct,thu,1,6,1,success,-3.4,92.431,-26.9,0.733,5017.5,1,0.7633787033684434,0
29,admin.,single,university.degree,no,no,no,cellular,sep,fri,4,6,1,success,-1.1,94.199,-37.5,0.878,4963.6,0,0.763284479060146,0
36,unemployed,single,high.school,no,yes,no,cellular,sep,thu,1,3,1,success,-1.1,94.199,-37.5,0.879,4963.6,1,0.760297567934773,0
59,admin.,married,unknown,no,yes,yes,cellular,sep,mon,3,3,1,success,-3.4,92.379,-29.8,0.797,5017.5,1,0.7601231683340329,0
31,services,single,high.school,no,yes,no,cellular,sep,fri,2,6,1,success,-1.1,94.199,-37.5,0.879,4963.6,1,0.7600286492993291,0
85,retired,divorced,basic.4y,unknown,yes,no,cellular,dec,mon,3,6,1,success,-3.0,92.713,-33.0,0.715,5023.5,1,0.7597501305870039,0
76,retired,single,basic.4y,no,no,no,cellular,nov,mon,4,6,1,success,-3.4,92.649,-30.1,0.715,5017.5,1,0.7581994049252173,0
65,management,married,unknown,no,no,no,cellular,dec,wed,2,9,1,success,-3.0,92.713,-33.0,0.715,5023.5,1,0.7576130993606993,0
54,admin.,divorced,university.degree,no,yes,no,cellular,oct,wed,2,6,2,success,-3.4,92.431,-26.9,0.735,5017.5,0,0.7562069858849747,0
30,student,single,high.school,no,yes,no,cellular,oct,tue,1,17,2,failure,-1.1,94.601,-49.5,1.037,4963.6,0,0.7551194803327734,2
30,technician,single,professional.course,no,no,no,cellular,sep,tue,1,6,1,success,-1.1,94.199,-37.5,0.877,4963.6,0,0.7545773136993981,0
34,admin.,married,university.degree,no,no,yes,cellular,dec,tue,2,6,2,success,-3.0,92.713,-33.0,0.707,5023.5,1,0.7543067266896201,0
72,admin.,married,university.degree,unknown,no,yes,cellular,oct,tue,1,6,1,success,-3.4,92.431,-26.9,0.728,5017.5,1,0.7540915593312538,0
60,retired,married,university.degree,no,no,no,cellular,dec,fri,3,6,2,success,-3.0,92.713,-33.0,0.718,5023.5,1,0.7533838680727029,0
30,student,single,professional.course,no,yes,no,cellular,sep,mon,4,19,1,success,-1.1,94.199,-37.5,0.879,4963.6,0,0.7524372286328488,0
28,admin.,single,university.degree,no,yes,no,cellular,sep,mon,2,6,3,success,-1.1,94.199,-37.5,0.882,4963.6,0,0.7524069760486382,0
37,admin.,single,university.degree,no,no,no,cellular,sep,thu,1,3,4,success,-1.1,94.199,-37.5,0.879,4963.6,1,0.7518971082388195,0
74,retired,married,professional.course,no,yes,no,cellular,oct,thu,2,3,1,success,-3.4,92.431,-26.9,0.74,5017.5,0,0.7512203898826784,0
62,retired,married,university.degree,no,yes,no,cellular,dec,wed,1,6,1,success,-3.0,92.713,-33.0,0.706,5023.5,1,0.748088076539877,0
48,admin.,married,high.school,unknown,no,yes,cellular,dec,thu,1,8,1,success,-3.0,92.713,-33.0,0.72,5023.5,1,0.7480850945955934,0
54,self-employed,married,university.degree,no,yes,no,cellular,oct,thu,6,6,1,success,-1.1,94.601,-49.5,0.987,4963.6,0,0.7478891227446088,2
31,technician,married,university.degree,no,no,no,cellular,oct,tue,2,12,3,failure,-1.1,94.601,-49.5,0.982,4963.6,0,0.7474939051010685,2
64,unemployed,divorced,basic.9y,no,yes,no,cellular,oct,wed,2,999,0,nonexistent,-1.1,94.601,-49.5,0.959,4963.6,0,0.7462778821255753,1
23,student,single,high.school,no,no,yes,cellular,oct,fri,1,3,1,success,-1.1,94.601,-49.5,1.029,4963.6,1,0.7454764340312661,2
28,technician,single,high.school,no,unknown,unknown,cellular,oct,wed,1,6,1,success,-3.4,92.431,-26.9,0.742,5017.5,1,0.7451642658844476,0
36,management,married,university.degree,no,no,yes,cellular,nov,wed,3,3,3,success,-3.4,92.649,-30.1,0.715,5017.5,1,0.7446998389579802,0
30,self-employed,single,university.degree,no,yes,yes,cellular,dec,fri,2,6,1,success,-3.0,92.713,-33.0,0.71,5023.5,0,0.7442582973884175,0
31,admin.,single,high.school,no,no,no,cellular,sep,fri,2,3,2,success,-1.1,94.199,-37.5,0.883,4963.6,1,0.7442035938861769,0
74,retired,married,basic.9y,no,yes,no,cellular,oct,thu,2,6,1,success,-3.4,92.431,-26.9,0.74,5017.5,1,0.743831179996077,0
32,technician,married,basic.9y,no,no,no,cellular,sep,wed,1,6,5,success,-1.1,94.199,-37.5,0.879,4963.6,1,0.7434502162522391,0
60,technician,married,basic.4y,no,yes,no,cellular,oct,tue,2,6,1,success,-3.4,92.431,-26.9,0.737,5017.5,1,0.7429217149435414,0
34,admin.,married,professional.course,no,no,no,cellular,sep,tue,1,3,3,success,-1.1,94.199,-37.5,0.877,4963.6,1,0.7428776851559838,0
47,management,married,university.degree,no,no,no,cellular,sep,thu,1,17,2,success,-1.1,94.199,-37.5,0.884,4963.6,1,0.7418591262675399,0
27,technician,single,university.degree,no,yes,no,cellular,sep,thu,1,3,1,success,-1.1,94.199,-37.5,0.879,4963.6,1,0.7409250488920599,0
31,technician,married,university.degree,no,no,no,cellular,sep,thu,1,3,1,success,-1.1,94.199,-37.5,0.878,4963.6,1,0.7406724687062491,0
61,retired,married,high.school,no,yes,no,cellular,sep,wed,1,3,1,success,-3.4,92.379,-29.8,0.753,5017.5,1,0.7399707927117998,0
59,housemaid,married,basic.4y,no,yes,no,cellular,oct,tue,2,6,1,success,-3.4,92.431,-26.9,0.737,5017.5,1,0.7388703221179213,0
41,management,married,unknown,no,no,yes,cellular,nov,fri,2,3,2,success,-3.4,92.649,-30.1,0.714,5017.5,1,0.7388053247552999,0
56,unemployed,married,professional.course,no,no,no,cellular,sep,fri,3,6,1,success,-3.4,92.379,-29.8,0.762,5017.5,1,0.7374174934149077,0
27,admin.,single,university.degree,no,no,no,cellular,sep,thu,3,3,1,success,-1.1,94.199,-37.5,0.879,4963.6,1,0.737091442216639,0
60,unemployed,married,basic.4y,no,no,no,cellular,nov,thu,2,6,1,success,-3.4,92.649,-30.1,0.714,5017.5,1,0.7370542973876849,0
55,services,married,basic.9y,no,yes,no,cellular,dec,wed,1,6,1,success,-3.0,92.713,-33.0,0.715,5023.5,1,0.7353386070629244,0
62,retired,married,high.school,no,no,no,cellular,oct,wed,1,6,1,success,-3.4,92.431,-26.9,0.724,5017.5,1,0.7345796795670118,0
61,management,married,university.degree,no,yes,no,cellular,nov,tue,1,7,1,success,-3.4,92.649,-30.1,0.715,5017.5,1,0.734561422596363,0
78,retired,divorced,basic.4y,no,yes,no,cellular,nov,thu,1,3,1,success,-3.4,92.649,-30.1,0.714,5017.5,0,0.7339587894593204,0
32,admin.,married,high.school,no,unknown,unknown,cellular,sep,mon,1,6,4,success,-1.1,94.199,-37.5,0.882,4963.6,1,0.7337381763164287,0
29,admin.,single,university.degree,no,no,no,cellular,sep,tue,2,3,3,success,-1.1,94.199,-37.5,0.88,4963.6,1,0.7330764235588099,0
43,technician,married,high.school,no,yes,yes,cellular,sep,thu,1,3,2,success,-3.4,92.379,-29.8,0.809,5017.5,0,0.7329131705723891,0
47,technician,married,basic.6y,no,no,no,cellular,sep,mon,2,6,3,success,-1.1,94.199,-37.5,0.882,4963.6,0,0.7322035758171016,0
61,admin.,married,high.school,no,yes,yes,cellular,nov,wed,2,999,0,nonexistent,-1.1,94.767,-50.8,1.044,4963.6,1,0.7320116879339477,1
29,technician,single,professional.course,no,unknown,unknown,cellular,sep,fri,1,3,2,success,-1.1,94.199,-37.5,0.878,4963.6,1,0.7313452016158951,0
26,technician,single,professional.course,no,yes,no,cellular,sep,fri,1,3,3,success,-1.1,94.199,-37.5,0.879,4963.6,1,0.7312391852145307,0
53,admin.,married,university.degree,no,no,no,cellular,dec,thu,1,6,1,success,-3.0,92.713,-33.0,0.72,5023.5,0,0.7294869495811899,0
52,blue-collar,single,basic.9y,no,yes,no,cellular,nov,thu,3,9,1,success,-3.4,92.649,-30.1,0.714,5017.5,0,0.7282217420317325,0
55,admin.,married,professional.course,no,yes,no,cellular,dec,thu,1,9,2,success,-3.0,92.713,-33.0,0.714,5023.5,1,0.7278394852264829,0
59,management,married,university.degree,no,yes,no,cellular,sep,fri,2,3,1,success,-3.4,92.379,-29.8,0.803,5017.5,1,0.7276660210337127,0
34,technician,married,unknown,no,yes,no,cellular,nov,tue,1,1,4,success,-1.1,94.767,-50.8,1.046,4963.6,0,0.7273474934974826,2
70,admin.,married,basic.4y,no,no,no,cellular,sep,tue,1,3,1,success,-3.4,92.379,-29.8,0.77,5017.5,0,0.7267874084471844,0
48,admin.,married,basic.6y,no,yes,no,cellular,oct,tue,2,5,2,success,-3.4,92.431,-26.9,0.742,5017.5,0,0.7260343448985277,0
89,retired,divorced,basic.4y,no,yes,no,cellular,sep,tue,1,999,0,nonexistent,-1.1,94.199,-37.5,0.881,4963.6,1,0.7260195335271108,1
88,retired,married,basic.4y,no,no,no,cellular,sep,mon,1,999,0,nonexistent,-1.1,94.199,-37.5,0.882,4963.6,0,0.7255072300028022,1
61,blue-collar,married,high.school,no,no,no,cellular,oct,wed,1,2,1,success,-3.4,92.431,-26.9,0.724,5017.5,0,0.7252709244162118,0
68,retired,married,basic.4y,no,yes,no,cellular,oct,tue,1,6,2,success,-3.4,92.431,-26.9,0.728,5017.5,1,0.7252675923222225,0
60,self-employed,divorced,university.degree,no,no,no,cellular,sep,tue,1,3,1,success,-3.4,92.379,-29.8,0.755,5017.5,1,0.7244309980555999,0
43,entrepreneur,married,university.degree,no,no,no,cellular,sep,mon,1,3,1,success,-1.1,94.199,-37.5,0.882,4963.6,1,0.7228140167836292,0
32,student,single,high.school,no,no,no,cellular,sep,tue,2,3,1,success,-1.1,94.199,-37.5,0.877,4963.6,0,0.7224221274432918,0
24,technician,single,university.degree,no,yes,yes,cellular,nov,tue,3,6,3,failure,-1.1,94.767,-50.8,1.049,4963.6,1,0.7219681518603759,2
56,blue-collar,married,basic.4y,unknown,yes,no,cellular,dec,tue,3,6,1,success,-3.0,92.713,-33.0,0.715,5023.5,1,0.7215111317569304,0
54,management,divorced,university.degree,no,yes,no,cellular,oct,thu,2,6,1,success,-3.4,92.431,-26.9,0.741,5017.5,1,0.7212064936473712,0
44,admin.,married,university.degree,no,yes,no,cellular,oct,wed,3,6,1,success,-3.4,92.431,-26.9,0.735,5017.5,1,0.7209822785481126,0
88,retired,married,basic.4y,no,no,no,cellular,sep,mon,2,999,0,nonexistent,-1.1,94.199,-37.5,0.882,4963.6,0,0.7208306270730851,1
56,admin.,married,university.degree,no,yes,no,cellular,sep,thu,2,3,2,success,-3.4,92.379,-29.8,0.778,5017.5,1,0.7201220305210415,0
37,admin.,single,high.school,no,no,no,telephone,oct,thu,1,3,1,success,-1.1,94.601,-49.5,0.987,4963.6,1,0.7194704216043115,2
32,admin.,married,professional.course,no,no,yes,cellular,oct,tue,1,6,1,success,-3.4,92.431,-26.9,0.742,5017.5,1,0.7193277566488896,0
57,admin.,married,university.degree,no,no,no,cellular,nov,wed,1,3,2,success,-3.4,92.649,-30.1,0.716,5017.5,1,0.719089479115548,0
51,services,married,high.school,no,yes,no,cellular,sep,tue,1,3,1,success,-3.4,92.379,-29.8,0.77,5017.5,0,0.7178049596031214,0
50,management,married,university.degree,no,yes,no,cellular,oct,thu,2,4,1,success,-3.4,92.431,-26.9,0.754,5017.5,1,0.7174219614566001,0
34,admin.,married,university.degree,no,yes,no,cellular,sep,wed,1,18,2,failure,-1.1,94.199,-37.5,0.886,4963.6,0,0.7168681620436973,0
56,retired,married,university.degree,no,yes,no,cellular,nov,wed,2,3,3,success,-3.4,92.649,-30.1,0.716,5017.5,1,0.7163870159407129,0
70,retired,married,basic.4y,no,no,no,cellular,sep,tue,1,3,2,success,-3.4,92.379,-29.8,0.77,5017.5,1,0.7149201266251928,0
43,admin.,married,high.school,no,yes,no,cellular,dec,tue,4,6,1,success,-3.0,92.713,-33.0,0.715,5023.5,0,0.7143606298383667,0
29,admin.,single,high.school,no,no,no,telephone,oct,thu,2,6,1,success,-1.1,94.601,-49.5,1.025,4963.6,1,0.7135059818733326,2
61,management,married,university.degree,no,yes,no,cellular,nov,tue,1,3,2,success,-3.4,92.649,-30.1,0.715,5017.5,1,0.7131633560204695,0
45,admin.,married,university.degree,no,no,no,cellular,dec,thu,2,6,1,success,-3.0,92.713,-33.0,0.707,5023.5,1,0.7131585337388907,0
35,admin.,married,university.degree,no,yes,no,cellular,sep,wed,2,18,2,failure,-1.1,94.199,-37.5,0.886,4963.6,0,0.7121027797599793,0
31,student,single,university.degree,no,no,no,cellular,oct,wed,1,999,0,nonexistent,-1.1,94.601,-49.5,1.043,4963.6,1,0.7105643897424679,1
29,admin.,single,university.degree,no,no,yes,cellular,nov,wed,1,3,1,success,-3.4,92.649,-30.1,0.715,5017.5,1,0.7099753133882656,0
64,housemaid,married,basic.4y,no,no,no,cellular,dec,thu,1,6,2,success,-3.0,92.713,-33.0,0.714,5023.5,1,0.7099239593752883,0
60,retired,married,professional.course,no,yes,no,cellular,sep,thu,1,3,1,success,-3.4,92.379,-29.8,0.809,5017.5,1,0.7091159795168499,0
42,services,married,university.degree,no,no,no,cellular,dec,wed,1,6,1,success,-3.0,92.713,-33.0,0.715,5023.5,1,0.7089251364994094,0
21,student,single,university.degree,no,yes,no,cellular,dec,fri,3,6,1,success,-3.0,92.713,-33.0,0.71,5023.5,1,0.7081298367454806,0
56,technician,married,basic.4y,no,no,no,cellular,oct,thu,1,6,1,success,-3.4,92.431,-26.9,0.733,5017.5,1,0.7068180573478371,0
50,technician,married,professional.course,no,unknown,unknown,cellular,oct,fri,1,8,2,failure,-3.4,92.431,-26.9,0.739,5017.5,1,0.705985758067245,0
47,admin.,divorced,university.degree,no,no,no,cellular,nov,tue,4,6,1,success,-3.4,92.649,-30.1,0.72,5017.5,1,0.7058062696477093,0
63,housemaid,married,basic.4y,no,yes,no,cellular,sep,wed,1,3,1,success,-3.4,92.379,-29.8,0.749,5017.5,1,0.7037538224433925,0
56,technician,married,basic.4y,no,no,no,cellular,oct,thu,3,3,1,success,-3.4,92.431,-26.9,0.733,5017.5,1,0.7033447576483908,0
61,admin.,married,high.school,no,yes,no,cellular,nov,wed,1,21,5,failure,-1.1,94.767,-50.8,1.044,4963.6,1,0.7029449630447075,2
53,technician,married,professional.course,no,no,no,cellular,sep,tue,1,3,1,success,-3.4,92.379,-29.8,0.77,5017.5,1,0.7024797395906794,0
52,admin.,divorced,university.degree,no,yes,no,cellular,nov,tue,1,3,2,success,-3.4,92.649,-30.1,0.715,5017.5,1,0.7021737495163783,0
84,retired,divorced,basic.4y,unknown,yes,no,cellular,oct,fri,4,999,0,nonexistent,-1.1,94.601,-49.5,0.993,4963.6,0,0.7021600439349781,1
41,management,divorced,university.degree,no,no,no,cellular,sep,fri,5,3,3,success,-1.1,94.199,-37.5,0.879,4963.6,1,0.7020350903545979,0
30,management,married,university.degree,no,no,no,cellular,oct,wed,1,999,0,nonexistent,-1.1,94.601,-49.5,1.043,4963.6,1,0.7018473532465749,1
55,admin.,married,high.school,no,no,no,telephone,oct,mon,2,10,3,success,-1.1,94.601,-49.5,0.977,4963.6,0,0.7017004721468434,2
31,admin.,single,university.degree,no,yes,no,cellular,nov,wed,1,999,0,nonexistent,-1.1,94.767,-50.8,1.048,4963.6,0,0.7014707847236978,1
53,housemaid,married,basic.4y,no,no,yes,telephone,nov,wed,1,3,1,success,-3.4,92.649,-30.1,0.715,5017.5,1,0.7014404950242041,0
69,retired,married,basic.9y,no,yes,no,cellular,sep,wed,1,5,1,success,-3.4,92.379,-29.8,0.781,5017.5,0,0.7008340250824494,0
48,management,married,university.degree,no,no,no,cellular,oct,wed,1,6,1,success,-3.4,92.431,-26.9,0.74,5017.5,1,0.7007994230253705,0
38,admin.,married,university.degree,no,yes,no,cellular,oct,wed,1,6,1,success,-3.4,92.431,-26.9,0.735,5017.5,1,0.6999594711245348,0
36,admin.,married,university.degree,no,yes,no,cellular,oct,wed,1,6,1,success,-3.4,92.431,-26.9,0.735,5017.5,1,0.6999594711245348,0
55,retired,married,high.school,no,yes,no,cellular,oct,thu,2,7,1,success,-3.4,92.431,-26.9,0.722,5017.5,1,0.6991944700737434,0
39,entrepreneur,married,basic.6y,no,yes,no,cellular,sep,tue,2,16,1,success,-3.4,92.379,-29.8,0.819,5017.5,1,0.6991626710632766,0
56,retired,married,university.degree,no,no,no,cellular,nov,wed,1,3,1,success,-3.4,92.649,-30.1,0.716,5017.5,1,0.6988139852354193,0
24,technician,married,university.degree,no,yes,yes,cellular,sep,tue,2,3,1,success,-3.4,92.379,-29.8,0.77,5017.5,1,0.698761182650886,0
38,unemployed,single,high.school,no,yes,no,cellular,dec,fri,4,6,1,success,-3.0,92.713,-33.0,0.71,5023.5,1,0.6979738939319452,0
86,retired,divorced,basic.4y,no,unknown,unknown,cellular,oct,wed,1,999,0,nonexistent,-3.4,92.431,-26.9,0.74,5017.5,0,0.6977761606636144,1
37,admin.,married,university.degree,no,no,yes,cellular,dec,mon,2,6,1,success,-3.0,92.713,-33.0,0.706,5023.5,1,0.6976152218987502,0
32,admin.,married,university.degree,no,yes,no,cellular,oct,wed,2,6,1,success,-3.4,92.431,-26.9,0.735,5017.5,1,0.6974283663330995,0
19,student,single,basic.9y,no,yes,no,cellular,nov,wed,1,999,1,failure,-1.1,94.767,-50.8,1.048,4963.6,0,0.6973806565549016,1
56,unknown,married,basic.4y,no,no,no,cellular,oct,tue,1,2,2,success,-3.4,92.431,-26.9,0.744,5017.5,1,0.6971827648095467,0
57,retired,married,basic.4y,no,yes,no,cellular,nov,wed,1,3,2,success,-3.4,92.649,-30.1,0.716,5017.5,0,0.697057293853651,0
68,retired,single,university.degree,no,yes,no,cellular,sep,fri,1,3,1,success,-3.4,92.379,-29.8,0.741,5017.5,0,0.6967233188332764,0
56,technician,divorced,university.degree,no,no,no,cellular,nov,fri,2,3,1,success,-3.4,92.649,-30.1,0.716,5017.5,1,0.6962974391464695,0
20,student,single,high.school,no,yes,no,cellular,nov,wed,1,7,1,success,-3.4,92.649,-30.1,0.715,5017.5,1,0.693690952363421,0
42,blue-collar,married,professional.course,no,yes,no,cellular,oct,wed,1,7,1,success,-3.4,92.431,-26.9,0.735,5017.5,1,0.6934327100971683,0
38,admin.,married,university.degree,no,no,no,cellular,nov,tue,2,7,1,success,-3.4,92.649,-30.1,0.715,5017.5,1,0.6923691763721548,0
60,admin.,married,unknown,no,no,no,cellular,nov,tue,2,999,0,nonexistent,-1.1,94.767,-50.8,1.046,4963.6,0,0.6909138673077939,1
54,admin.,married,high.school,no,yes,no,cellular,nov,fri,1,3,3,success,-3.4,92.649,-30.1,0.716,5017.5,1,0.6907143268085781,0
28,admin.,single,high.school,no,no,no,cellular,oct,wed,2,999,0,nonexistent,-1.1,94.601,-49.5,0.959,4963.6,1,0.6901646171866432,1
22,services,single,professional.course,no,yes,yes,cellular,sep,tue,1,3,2,success,-3.4,92.379,-29.8,0.755,5017.5,1,0.6901097529089113,0
28,technician,single,professional.course,no,yes,no,cellular,nov,wed,2,6,1,success,-3.4,92.649,-30.1,0.716,5017.5,1,0.6898842069927178,0
65,retired,single,university.degree,no,no,no,cellular,nov,thu,2,3,2,success,-3.4,92.649,-30.1,0.714,5017.5,1,0.6894926853203037,0
34,technician,married,professional.course,no,yes,no,cellular,oct,wed,2,8,1,success,-3.4,92.431,-26.9,0.735,5017.5,1,0.6892280608239666,0
22,self-employed,single,professional.course,no,yes,no,cellular,oct,wed,1,999,0,nonexistent,-1.1,94.601,-49.5,0.959,4963.6,1,0.6875630226985886,1
38,admin.,married,university.degree,no,yes,no,cellular,oct,fri,2,8,1,success,-3.4,92.431,-26.9,0.739,5017.5,0,0.6866675532379832,0
38,housemaid,divorced,university.degree,no,no,no,cellular,nov,wed,2,999,0,nonexistent,-1.1,94.767,-50.8,1.03,4963.6,1,0.6862312757272453,1
31,admin.,single,high.school,no,yes,no,cellular,nov,wed,2,999,0,nonexistent,-1.1,94.767,-50.8,1.044,4963.6,1,0.6855694847806231,1
38,entrepreneur,married,university.degree,no,no,no,cellular,nov,wed,2,999,0,nonexistent,-1.1,94.767,-50.8,1.03,4963.6,0,0.6849106660877191,1
72,retired,married,basic.4y,no,no,no,cellular,oct,fri,1,6,1,success,-3.4,92.431,-26.9,0.72,5017.5,0,0.6839248114790566,0
60,retired,married,professional.course,no,no,yes,cellular,oct,wed,2,999,1,failure,-1.1,94.601,-49.5,1.043,4963.6,0,0.6834977738427535,1
71,retired,married,professional.course,no,no,no,cellular,oct,tue,1,999,0,nonexistent,-1.1,94.601,-49.5,0.982,4963.6,1,0.6832608276927781,1
44,admin.,married,university.degree,no,yes,no,cellular,sep,thu,1,14,1,success,-3.4,92.379,-29.8,0.809,5017.5,0,0.683177464891329,0
22,student,single,university.degree,no,yes,no,cellular,oct,tue,1,999,0,nonexistent,-1.1,94.601,-49.5,0.982,4963.6,0,0.6830377782557022,1
49,admin.,divorced,university.degree,no,yes,no,cellular,sep,fri,3,3,1,success,-3.4,92.379,-29.8,0.773,5017.5,1,0.6826685519058907,0
30,technician,married,university.degree,no,yes,no,cellular,dec,thu,2,6,1,success,-3.0,92.713,-33.0,0.72,5023.5,1,0.6823482422713305,0
65,retired,married,university.degree,no,no,no,cellular,nov,fri,1,3,3,success,-3.4,92.649,-30.1,0.714,5017.5,1,0.6820274295390766,0
23,student,single,university.degree,no,yes,no,cellular,dec,fri,2,6,2,success,-3.0,92.713,-33.0,0.718,5023.5,0,0.6813481546419791,0
27,technician,single,university.degree,no,yes,no,cellular,dec,tue,3,10,1,success,-3.0,92.713,-33.0,0.708,5023.5,1,0.6811860701459499,0
52,technician,married,professional.course,no,yes,no,cellular,nov,fri,1,3,1,success,-3.4,92.649,-30.1,0.714,5017.5,1,0.6804322233589999,0
27,technician,single,university.degree,no,yes,no,cellular,dec,tue,3,6,2,success,-3.0,92.713,-33.0,0.707,5023.5,1,0.6781701705574508,0
49,technician,divorced,unknown,no,yes,no,cellular,oct,thu,1,4,1,success,-3.4,92.431,-26.9,0.754,5017.5,0,0.6778678717400194,0
45,technician,married,professional.course,no,no,no,cellular,oct,thu,1,6,1,success,-3.4,92.431,-26.9,0.733,5017.5,1,0.677206188632224,0
26,technician,single,university.degree,no,no,no,cellular,oct,wed,1,999,0,nonexistent,-1.1,94.601,-49.5,0.959,4963.6,1,0.6767229683979391,1
24,student,single,unknown,no,yes,no,cellular,nov,wed,2,3,3,success,-3.4,92.649,-30.1,0.716,5017.5,1,0.6761861321871614,0
31,housemaid,single,university.degree,no,no,no,cellular,nov,mon,4,999,0,nonexistent,-1.1,94.767,-50.8,1.039,4963.6,0,0.6756073353271401,1
31,admin.,single,high.school,no,no,no,cellular,sep,mon,5,6,3,success,-1.1,94.199,-37.5,0.879,4963.6,1,0.6752399258471663,0
34,admin.,divorced,high.school,no,no,no,cellular,nov,tue,2,6,3,success,-3.4,92.649,-30.1,0.716,5017.5,0,0.674694198640448,0
26,admin.,single,university.degree,no,yes,yes,cellular,oct,wed,1,999,0,nonexistent,-1.1,94.601,-49.5,0.959,4963.6,0,0.674529663841054,1
72,retired,married,basic.4y,no,no,no,cellular,sep,fri,1,3,2,success,-3.4,92.379,-29.8,0.803,5017.5,1,0.6740684966816171,0
29,management,married,university.degree,no,yes,no,cellular,nov,wed,1,9,1,success,-3.4,92.649,-30.1,0.719,5017.5,0,0.6739405288643284,0
25,admin.,single,university.degree,no,no,yes,cellular,nov,mon,1,7,2,success,-3.4,92.649,-30.1,0.714,5017.5,1,0.673926998522647,0
32,admin.,married,university.degree,no,yes,no,cellular,nov,wed,3,999,0,nonexistent,-1.1,94.767,-50.8,1.03,4963.6,0,0.6738224372434231,1
29,admin.,single,university.degree,no,no,no,cellular,oct,mon,2,12,2,failure,-1.1,94.601,-49.5,0.977,4963.6,0,0.6718816583044716,2
26,admin.,single,university.degree,no,yes,no,cellular,nov,tue,3,7,1,success,-3.4,92.649,-30.1,0.715,5017.5,1,0.6717555705562563,0
34,admin.,single,university.degree,no,no,no,cellular,nov,thu,1,7,2,success,-3.4,92.649,-30.1,0.714,5017.5,1,0.6712198984087457,0
39,entrepreneur,married,professional.course,no,no,no,telephone,sep,wed,3,6,1,success,-1.1,94.199,-37.5,0.876,4963.6,1,0.669847775271378,0
29,admin.,single,high.school,no,yes,no,cellular,nov,fri,2,7,2,success,-3.4,92.649,-30.1,0.714,5017.5,1,0.6695002525178513,0
34,admin.,single,university.degree,no,no,no,cellular,nov,thu,1,6,1,success,-3.4,92.649,-30.1,0.714,5017.5,1,0.6694816995660369,0
36,admin.,single,university.degree,no,yes,no,cellular,oct,wed,1,2,2,success,-3.4,92.431,-26.9,0.742,5017.5,0,0.6684393496437969,0
33,admin.,married,university.degree,no,yes,no,cellular,oct,tue,2,6,1,success,-3.4,92.431,-26.9,0.737,5017.5,1,0.6667955607849966,0
86,retired,married,basic.4y,no,yes,no,cellular,sep,tue,3,999,0,nonexistent,-1.1,94.199,-37.5,0.881,4963.6,1,0.6667420377624645,1
51,technician,married,university.degree,no,yes,no,cellular,sep,thu,6,6,4,failure,-1.1,94.199,-37.5,0.884,4963.6,0,0.6666445408630026,0
39,technician,married,university.degree,no,no,no,cellular,oct,fri,1,6,1,success,-3.4,92.431,-26.9,0.739,5017.5,1,0.6656834528255089,0
32,admin.,single,university.degree,no,no,no,cellular,oct,fri,2,6,1,success,-3.4,92.431,-26.9,0.739,5017.5,0,0.6655253684551854,0
48,management,divorced,university.degree,no,yes,no,cellular,nov,wed,1,3,1,success,-3.4,92.649,-30.1,0.716,5017.5,1,0.6651639279319199,0
27,technician,single,university.degree,no,no,no,cellular,oct,wed,2,999,0,nonexistent,-1.1,94.601,-49.5,1.043,4963.6,0,0.664990428950507,1
49,admin.,married,high.school,no,no,no,cellular,sep,tue,1,3,1,success,-3.4,92.379,-29.8,0.788,5017.5,1,0.6637364874548761,0
35,admin.,single,high.school,no,no,yes,cellular,nov,wed,2,7,2,failure,-3.4,92.649,-30.1,0.715,5017.5,0,0.662130200324017,0
36,services,married,high.school,no,yes,no,cellular,oct,fri,1,6,1,success,-3.4,92.431,-26.9,0.739,5017.5,0,0.6620688764109995,0
56,retired,married,professional.course,no,no,no,cellular,oct,thu,1,3,1,success,-3.4,92.431,-26.9,0.733,5017.5,1,0.6620589886459541,0
57,admin.,single,high.school,no,no,no,cellular,dec,mon,1,6,2,success,-3.0,92.713,-33.0,0.715,5023.5,0,0.6612160597500532,0
34,admin.,single,university.degree,no,no,no,cellular,sep,fri,3,3,2,success,-3.4,92.379,-29.8,0.773,5017.5,1,0.6609602832638588,0
62,blue-collar,married,unknown,no,no,no,cellular,oct,fri,3,999,0,nonexistent,-1.1,94.601,-49.5,0.972,4963.6,0,0.6609587068494972,1
18,student,single,basic.4y,no,yes,no,telephone,nov,tue,1,13,2,success,-1.1,94.767,-50.8,1.049,4963.6,1,0.6607349913297088,2
91,retired,married,university.degree,no,no,yes,cellular,sep,wed,2,999,0,nonexistent,-3.4,92.379,-29.8,0.781,5017.5,0,0.6603059874991862,1
47,admin.,divorced,high.school,no,yes,no,cellular,sep,tue,1,3,1,success,-3.4,92.379,-29.8,0.77,5017.5,0,0.6591593896872242,0
40,services,married,high.school,no,yes,no,cellular,nov,thu,3,3,2,success,-3.4,92.649,-30.1,0.714,5017.5,1,0.659028638875506,0
35,unemployed,married,university.degree,no,no,no,cellular,oct,thu,1,6,1,success,-3.4,92.431,-26.9,0.733,5017.5,1,0.6585577795421521,0
39,self-employed,divorced,high.school,no,no,no,cellular,sep,tue,2,3,1,success,-3.4,92.379,-29.8,0.788,5017.5,1,0.6583237644545287,0
61,blue-collar,married,professional.course,no,yes,no,cellular,oct,thu,2,999,0,nonexistent,-1.1,94.601,-49.5,0.987,4963.6,1,0.6580815839445983,1
64,retired,divorced,basic.4y,no,yes,yes,telephone,sep,fri,2,6,2,success,-1.1,94.199,-37.5,0.878,4963.6,1,0.6574794901879129,0
50,admin.,married,university.degree,no,no,no,cellular,nov,mon,1,7,2,success,-3.4,92.649,-30.1,0.714,5017.5,0,0.6571519240275877,0
24,student,single,unknown,no,yes,no,cellular,sep,wed,1,17,4,failure,-1.1,94.199,-37.5,0.886,4963.6,0,0.657107631941139,0
30,student,single,unknown,no,no,no,cellular,dec,wed,1,4,2,success,-3.0,92.713,-33.0,0.715,5023.5,1,0.6563866476675057,0
26,technician,single,professional.course,no,no,yes,cellular,nov,wed,1,9,2,failure,-3.4,92.649,-30.1,0.719,5017.5,1,0.6562632066192616,0
51,admin.,divorced,high.school,no,yes,yes,cellular,nov,tue,2,6,4,failure,-1.1,94.767,-50.8,1.049,4963.6,1,0.6552322832822263,2
21,student,single,high.school,no,no,no,cellular,oct,tue,1,999,0,nonexistent,-1.1,94.601,-49.5,0.982,4963.6,1,0.6551611039308596,1
50,admin.,married,university.degree,no,yes,no,cellular,nov,mon,1,7,1,success,-3.4,92.649,-30.1,0.722,5017.5,0,0.6549827332027043,0
29,admin.,single,high.school,no,yes,no,cellular,oct,fri,1,6,1,success,-3.4,92.431,-26.9,0.73,5017.5,1,0.6548187820752129,0
37,services,married,high.school,no,yes,yes,cellular,oct,fri,2,12,2,failure,-1.1,94.601,-49.5,1.029,4963.6,1,0.6532773479005173,2
60,retired,married,basic.4y,no,yes,no,cellular,oct,wed,2,999,1,failure,-1.1,94.601,-49.5,0.985,4963.6,0,0.6527347198848495,1
22,student,single,high.school,no,yes,no,cellular,oct,tue,1,6,1,success,-3.4,92.431,-26.9,0.742,5017.5,1,0.6518236518454498,0
32,technician,married,professional.course,no,no,no,cellular,oct,wed,1,999,0,nonexistent,-1.1,94.601,-49.5,0.959,4963.6,1,0.651461160386378,1
33,admin.,married,university.degree,no,no,no,cellular,oct,fri,1,6,1,success,-3.4,92.431,-26.9,0.739,5017.5,1,0.6504716789884002,0
22,student,single,high.school,no,no,no,cellular,oct,fri,3,6,1,success,-3.4,92.431,-26.9,0.73,5017.5,1,0.6503267069572191,0
44,technician,married,professional.course,no,yes,no,cellular,sep,tue,1,4,1,success,-3.4,92.379,-29.8,0.755,5017.5,1,0.6501535343486335,0
43,technician,married,high.school,no,yes,no,cellular,sep,tue,1,3,1,success,-3.4,92.379,-29.8,0.788,5017.5,1,0.6501535343486335,0
83,retired,married,high.school,no,no,no,cellular,dec,thu,1,4,3,success,-3.0,92.713,-33.0,0.72,5023.5,1,0.6496795974469884,0
37,technician,single,professional.course,no,yes,no,cellular,nov,wed,1,999,0,nonexistent,-1.1,94.767,-50.8,1.044,4963.6,1,0.6491210702014633,1
37,self-employed,married,professional.course,no,yes,yes,cellular,nov,mon,1,5,1,success,-3.4,92.649,-30.1,0.722,5017.5,1,0.6490523885213246,0
48,admin.,married,university.degree,no,yes,no,cellular,dec,mon,4,6,2,success,-3.0,92.713,-33.0,0.717,5023.5,0,0.6489544196979897,0
41,admin.,married,university.degree,no,yes,no,cellular,nov,tue,1,3,1,success,-3.4,92.649,-30.1,0.715,5017.5,1,0.6484270363585958,0
30,technician,single,university.degree,no,yes,no,cellular,sep,fri,2,15,4,failure,-1.1,94.199,-37.5,0.879,4963.6,1,0.6483070197857947,0
54,technician,divorced,professional.course,no,yes,no,cellular,dec,mon,1,6,1,success,-3.0,92.713,-33.0,0.715,5023.5,0,0.6479719810756205,0
35,blue-collar,single,high.school,no,no,no,cellular,oct,fri,1,6,1,success,-3.4,92.431,-26.9,0.73,5017.5,0,0.6475453508835222,0
77,retired,married,basic.4y,no,yes,no,cellular,sep,thu,1,999,0,nonexistent,-1.1,94.199,-37.5,0.879,4963.6,1,0.6474143059276903,1
21,student,single,high.school,no,no,no,cellular,oct,tue,2,999,0,nonexistent,-1.1,94.601,-49.5,1.037,4963.6,1,0.6468259436001433,1
53,admin.,married,university.degree,no,yes,yes,telephone,dec,mon,1,6,2,success,-3.0,92.713,-33.0,0.706,5023.5,1,0.6466480735709632,0
86,retired,married,unknown,unknown,yes,no,cellular,sep,tue,1,999,0,nonexistent,-1.1,94.199,-37.5,0.877,4963.6,1,0.6459080797133578,1
39,management,single,university.degree,no,yes,no,cellular,nov,fri,2,3,2,success,-3.4,92.649,-30.1,0.714,5017.5,1,0.6453769754256907,0
39,self-employed,divorced,high.school,no,no,no,cellular,sep,tue,1,3,1,success,-3.4,92.379,-29.8,0.788,5017.5,1,0.6452128968674365,0
30,student,single,professional.course,no,no,no,cellular,sep,mon,2,9,2,failure,-1.1,94.199,-37.5,0.879,4963.6,0,0.6449608232023526,0
38,admin.,married,university.degree,no,yes,no,cellular,nov,tue,1,3,3,success,-3.4,92.649,-30.1,0.715,5017.5,1,0.6448777837374934,0
26,admin.,married,high.school,no,yes,no,cellular,nov,fri,1,7,1,success,-3.4,92.649,-30.1,0.714,5017.5,1,0.6443507759732389,0
35,admin.,married,high.school,no,no,no,cellular,oct,thu,1,4,2,success,-3.4,92.431,-26.9,0.754,5017.5,0,0.6431417629872849,0
29,admin.,single,high.school,no,yes,no,telephone,nov,mon,1,6,1,success,-1.1,94.767,-50.8,1.05,4963.6,0,0.64307082829796,2
31,self-employed,married,university.degree,no,no,no,cellular,sep,wed,1,3,1,success,-3.4,92.379,-29.8,0.768,5017.5,1,0.642940313780586,0
74,retired,married,unknown,no,yes,yes,cellular,oct,wed,1,999,0,nonexistent,-3.4,92.431,-26.9,0.742,5017.5,1,0.6414126770799599,1
35,services,married,high.school,no,no,no,cellular,sep,tue,2,3,1,success,-3.4,92.379,-29.8,0.788,5017.5,0,0.6412269276506306,0
61,retired,married,university.degree,no,no,no,cellular,nov,mon,1,999,0,nonexistent,-1.1,94.767,-50.8,1.05,4963.6,0,0.6410619757426972,1
23,student,single,university.degree,no,yes,no,cellular,nov,wed,1,3,2,success,-3.4,92.649,-30.1,0.715,5017.5,1,0.6410215341249316,0
35,admin.,married,high.school,no,yes,no,cellular,oct,thu,1,4,1,success,-3.4,92.431,-26.9,0.754,5017.5,1,0.6409323641624192,0
29,technician,single,university.degree,no,no,no,telephone,nov,mon,1,3,2,success,-1.1,94.767,-50.8,1.05,4963.6,1,0.6406650251259361,2
26,management,single,university.degree,no,yes,no,cellular,oct,tue,1,6,1,success,-3.4,92.431,-26.9,0.728,5017.5,0,0.6406173789877817,0
29,admin.,single,high.school,no,yes,no,cellular,sep,tue,2,3,1,success,-3.4,92.379,-29.8,0.77,5017.5,1,0.6399137768181298,0
28,admin.,single,university.degree,no,yes,no,cellular,sep,fri,1,1,3,success,-3.4,92.379,-29.8,0.773,5017.5,1,0.6393232447785002,0
29,student,single,professional.course,no,no,no,cellular,nov,thu,3,3,2,success,-3.4,92.649,-30.1,0.714,5017.5,1,0.6391680961456542,0
25,admin.,single,university.degree,no,yes,no,cellular,sep,thu,1,1,1,success,-3.4,92.379,-29.8,0.809,5017.5,0,0.6389918155908006,0
62,blue-collar,married,basic.4y,no,yes,no,cellular,nov,mon,1,6,1,success,-3.4,92.649,-30.1,0.719,5017.5,0,0.6388295900166004,0
61,retired,married,university.degree,no,no,no,cellular,sep,mon,1,3,2,success,-3.4,92.379,-29.8,0.797,5017.5,1,0.6384259203562714,0
32,technician,married,professional.course,no,yes,no,cellular,oct,wed,2,999,0,nonexistent,-1.1,94.601,-49.5,0.959,4963.6,1,0.638157997373845,1
27,admin.,single,university.degree,no,no,no,cellular,oct,tue,1,999,0,nonexistent,-1.1,94.601,-49.5,0.982,4963.6,0,0.6379733778699603,1
33,technician,married,unknown,no,yes,yes,cellular,sep,thu,1,9,3,failure,-1.1,94.199,-37.5,0.879,4963.6,1,0.6372302074321956,0
62,housemaid,married,university.degree,no,yes,no,cellular,nov,thu,1,3,3,success,-3.4,92.649,-30.1,0.714,5017.5,0,0.636500486318558,0
28,unemployed,single,high.school,no,yes,no,cellular,dec,mon,3,6,3,success,-3.0,92.713,-33.0,0.709,5023.5,0,0.6363155862859036,0
38,services,single,high.school,no,yes,no,telephone,sep,thu,1,9,3,success,-1.1,94.199,-37.5,0.879,4963.6,0,0.636185718115313,0
22,student,single,basic.9y,no,no,no,cellular,oct,fri,2,6,1,success,-3.4,92.431,-26.9,0.73,5017.5,1,0.6348567988733297,0
40,services,married,professional.course,no,yes,no,cellular,oct,thu,1,3,1,success,-3.4,92.431,-26.9,0.74,5017.5,1,0.6347960184230111,0
26,blue-collar,single,basic.6y,no,no,no,cellular,oct,wed,1,999,0,nonexistent,-1.1,94.601,-49.5,0.959,4963.6,1,0.6346125630346388,1
64,retired,divorced,professional.course,no,yes,no,cellular,nov,fri,3,999,0,nonexistent,-1.1,94.767,-50.8,1.028,4963.6,0,0.6345829283929579,1
34,admin.,single,university.degree,no,yes,no,cellular,nov,thu,1,3,2,success,-3.4,92.649,-30.1,0.714,5017.5,1,0.633901825505389,0
39,blue-collar,married,basic.9y,no,yes,no,cellular,sep,fri,1,3,1,success,-3.4,92.379,-29.8,0.803,5017.5,1,0.6328696479396386,0
35,blue-collar,married,basic.9y,no,yes,no,cellular,dec,thu,1,4,3,success,-3.0,92.713,-33.0,0.707,5023.5,0,0.6325861718154643,0
66,retired,married,basic.4y,no,yes,no,cellular,nov,mon,1,7,1,success,-3.4,92.649,-30.1,0.714,5017.5,1,0.6325741418642113,0
38,unemployed,single,high.school,no,yes,no,cellular,dec,mon,3,10,1,success,-3.0,92.713,-33.0,0.717,5023.5,0,0.6324479439097676,0
25,admin.,single,university.degree,no,no,yes,cellular,nov,mon,1,3,2,success,-3.4,92.649,-30.1,0.715,5017.5,1,0.6320593179178065,0
33,admin.,married,university.degree,no,yes,no,cellular,nov,tue,2,3,3,success,-3.4,92.649,-30.1,0.715,5017.5,1,0.6314926304190389,0
63,admin.,married,university.degree,no,yes,yes,cellular,oct,thu,2,999,0,nonexistent,-1.1,94.601,-49.5,0.987,4963.6,0,0.6313732886732707,1
71,retired,married,high.school,no,no,no,cellular,sep,wed,1,999,0,nonexistent,-1.1,94.199,-37.5,0.886,4963.6,0,0.6310942042803184,1
25,admin.,single,university.degree,no,no,no,cellular,dec,fri,2,4,1,success,-3.0,92.713,-33.0,0.718,5023.5,0,0.6303278561863247,0
26,student,single,university.degree,no,no,no,cellular,nov,fri,1,7,1,success,-3.4,92.649,-30.1,0.714,5017.5,1,0.6298886773023227,0
44,technician,married,basic.9y,no,yes,no,cellular,oct,tue,1,2,1,success,-3.4,92.431,-26.9,0.742,5017.5,0,0.6297077922979606,0
33,admin.,married,university.degree,no,yes,no,cellular,nov,tue,2,3,1,success,-3.4,92.649,-30.1,0.715,5017.5,1,0.6296602835128693,0
38,admin.,married,university.degree,no,yes,no,cellular,nov,mon,3,6,1,success,-3.4,92.649,-30.1,0.719,5017.5,0,0.6295144561943866,0
67,admin.,married,basic.4y,unknown,no,no,cellular,oct,thu,2,2,2,success,-3.4,92.431,-26.9,0.722,5017.5,1,0.629509553215459,0
50,unknown,married,unknown,no,no,no,cellular,oct,wed,1,8,3,failure,-3.4,92.431,-26.9,0.74,5017.5,1,0.629086624260038,0
32,self-employed,married,university.degree,no,no,no,cellular,nov,thu,2,3,2,success,-3.4,92.649,-30.1,0.714,5017.5,1,0.6288376942124007,0
50,admin.,married,university.degree,no,yes,no,cellular,nov,mon,1,3,1,success,-3.4,92.649,-30.1,0.714,5017.5,1,0.6285627766689502,0
27,management,single,university.degree,no,yes,no,cellular,sep,tue,2,4,2,success,-3.4,92.379,-29.8,0.819,5017.5,0,0.6280983359624087,0
26,technician,single,university.degree,no,yes,no,cellular,dec,tue,1,5,1,success,-3.0,92.713,-33.0,0.707,5023.5,1,0.6273442596990483,0
31,management,married,university.degree,no,yes,no,cellular,oct,tue,3,4,1,success,-3.4,92.431,-26.9,0.728,5017.5,1,0.6269344595465844,0
49,housemaid,single,university.degree,no,yes,no,cellular,dec,mon,2,6,1,success,-3.0,92.713,-33.0,0.717,5023.5,1,0.6258109370241737,0
23,student,single,high.school,no,yes,no,cellular,oct,thu,3,999,0,nonexistent,-1.1,94.601,-49.5,1.025,4963.6,0,0.6257085877715165,1
64,retired,married,professional.course,no,yes,no,cellular,sep,wed,2,999,0,nonexistent,-1.1,94.199,-37.5,0.886,4963.6,1,0.6251864253155667,1
25,admin.,single,high.school,no,no,no,cellular,sep,thu,1,3,1,success,-3.4,92.379,-29.8,0.778,5017.5,1,0.624526219267254,0
46,management,married,university.degree,no,unknown,unknown,cellular,oct,mon,2,12,2,failure,-1.1,94.601,-49.5,1.032,4963.6,0,0.6242353909623211,2
81,retired,married,basic.4y,no,yes,no,cellular,oct,wed,1,999,2,failure,-1.1,94.601,-49.5,1.016,4963.6,1,0.6235565790090463,1
70,retired,married,basic.4y,unknown,no,no,cellular,oct,thu,1,14,3,failure,-1.1,94.601,-49.5,0.965,4963.6,0,0.6230672880465654,2
54,self-employed,married,university.degree,no,no,no,cellular,oct,thu,3,999,0,nonexistent,-1.1,94.601,-49.5,0.987,4963.6,0,0.6224961032184293,1
32,admin.,single,high.school,no,no,no,cellular,nov,mon,2,19,2,failure,-1.1,94.767,-50.8,1.048,4963.6,0,0.6214004155680658,2
66,management,divorced,university.degree,no,no,no,cellular,sep,tue,1,1,1,success,-3.4,92.379,-29.8,0.788,5017.5,1,0.6210533532868665,0
30,blue-collar,single,professional.course,no,yes,no,cellular,nov,tue,2,999,0,nonexistent,-1.1,94.767,-50.8,1.049,4963.6,0,0.6208796078903575,1
27,student,single,unknown,no,yes,no,cellular,oct,fri,1,20,4,failure,-1.1,94.601,-49.5,0.972,4963.6,0,0.6207878852323736,2
54,unemployed,married,professional.course,no,yes,no,telephone,nov,thu,2,10,4,failure,-1.1,94.767,-50.8,1.041,4963.6,0,0.6207313793122039,2
54,services,divorced,high.school,no,no,no,cellular,oct,wed,1,999,1,failure,-1.1,94.601,-49.5,1.016,4963.6,0,0.6193823917656219,1
57,admin.,married,high.school,no,yes,no,cellular,nov,mon,1,3,3,success,-3.4,92.649,-30.1,0.715,5017.5,1,0.6189576696838623,0
23,unemployed,single,basic.9y,no,yes,no,cellular,oct,thu,1,4,1,success,-3.4,92.431,-26.9,0.754,5017.5,1,0.6186475432709838,0
30,admin.,married,university.degree,no,no,no,cellular,sep,mon,2,6,1,success,-3.4,92.379,-29.8,0.739,5017.5,1,0.6186014407042093,0
35,management,married,university.degree,no,no,no,cellular,nov,tue,1,3,2,success,-3.4,92.649,-30.1,0.716,5017.5,0,0.6185433776308135,0
37,unknown,single,university.degree,no,no,no,cellular,sep,wed,1,1,1,success,-3.4,92.379,-29.8,0.753,5017.5,0,0.6179683958031212,0
24,admin.,single,university.degree,no,no,no,cellular,sep,tue,1,3,1,success,-3.4,92.379,-29.8,0.77,5017.5,1,0.6177402893441261,0
30,student,single,high.school,no,yes,no,cellular,sep,wed,2,999,0,nonexistent,-1.1,94.199,-37.5,0.886,4963.6,0,0.6175786662883541,1
50,admin.,married,high.school,no,yes,no,cellular,oct,thu,1,999,0,nonexistent,-1.1,94.601,-49.5,0.987,4963.6,1,0.6172172156763933,1
28,unemployed,single,basic.4y,no,yes,no,cellular,oct,fri,2,4,1,success,-3.4,92.431,-26.9,0.752,5017.5,0,0.6169389813674154,0
79,retired,married,basic.4y,no,no,yes,cellular,nov,tue,1,999,0,nonexistent,-3.4,92.649,-30.1,0.72,5017.5,1,0.6163293488812774,1
28,admin.,single,university.degree,no,yes,no,cellular,oct,mon,4,17,3,failure,-1.1,94.601,-49.5,1.032,4963.6,0,0.6160857684478537,1
59,unemployed,married,basic.9y,no,yes,yes,cellular,oct,fri,1,999,0,nonexistent,-1.1,94.601,-49.5,0.942,4963.6,0,0.6160202022320823,1
25,student,single,high.school,no,no,no,cellular,nov,thu,1,999,0,nonexistent,-1.1,94.767,-50.8,1.041,4963.6,1,0.615847730824867,1
59,services,married,university.degree,no,yes,no,cellular,oct,mon,1,999,0,nonexistent,-1.1,94.601,-49.5,0.977,4963.6,0,0.6138393065380237,1
29,admin.,single,university.degree,no,no,no,cellular,nov,fri,1,3,2,success,-3.4,92.649,-30.1,0.714,5017.5,1,0.6136837732781782,0
31,admin.,single,university.degree,no,yes,no,cellular,nov,thu,1,999,0,nonexistent,-1.1,94.767,-50.8,1.031,4963.6,1,0.6130019954717005,1
31,admin.,single,university.degree,no,yes,no,cellular,nov,thu,1,999,0,nonexistent,-1.1,94.767,-50.8,1.041,4963.6,1,0.6130019954717005,1
61,admin.,married,high.school,no,yes,no,cellular,oct,mon,4,999,0,nonexistent,-1.1,94.601,-49.5,0.977,4963.6,0,0.6118163442699407,1
30,admin.,single,university.degree,no,yes,no,cellular,nov,mon,1,6,1,success,-3.4,92.649,-30.1,0.722,5017.5,0,0.6105965524298561,0
36,management,married,university.degree,no,unknown,unknown,cellular,sep,wed,1,6,4,failure,-1.1,94.199,-37.5,0.876,4963.6,1,0.6104081940585623,0
34,management,married,university.degree,no,yes,no,cellular,oct,fri,1,2,1,success,-3.4,92.431,-26.9,0.739,5017.5,0,0.6103707624461054,0
56,housemaid,divorced,professional.course,no,yes,no,cellular,nov,tue,1,7,2,failure,-3.4,92.649,-30.1,0.72,5017.5,1,0.6092207428042,0
58,management,married,university.degree,no,yes,no,cellular,nov,thu,1,999,0,nonexistent,-1.1,94.767,-50.8,1.041,4963.6,0,0.6078388723206813,1
68,retired,divorced,high.school,no,yes,no,cellular,oct,mon,1,999,0,nonexistent,-1.1,94.601,-49.5,1.0,4963.6,1,0.6078171005020175,1
52,technician,married,professional.course,no,yes,no,telephone,nov,fri,2,3,1,success,-3.4,92.649,-30.1,0.714,5017.5,0,0.6074567716101051,0
39,unemployed,single,university.degree,no,yes,no,cellular,dec,mon,1,6,2,success,-3.0,92.713,-33.0,0.706,5023.5,1,0.6067315606374674,0
37,blue-collar,married,basic.6y,no,no,no,cellular,oct,thu,2,6,3,failure,-3.4,92.431,-26.9,0.74,5017.5,1,0.6064538530482764,0
86,retired,married,professional.course,no,no,no,telephone,dec,wed,2,999,0,nonexistent,-3.0,92.713,-33.0,0.715,5023.5,1,0.6061269804314205,1
80,retired,divorced,basic.4y,no,yes,no,telephone,sep,thu,4,999,0,nonexistent,-1.1,94.199,-37.5,0.879,4963.6,0,0.6059266468050292,1
64,retired,married,high.school,no,no,no,cellular,nov,mon,1,3,1,success,-3.4,92.649,-30.1,0.714,5017.5,1,0.6058892025358522,0
36,admin.,single,high.school,no,yes,no,cellular,oct,mon,1,6,1,success,-3.4,92.431,-26.9,0.739,5017.5,0,0.6050519821626104,0
45,student,single,unknown,no,yes,no,cellular,oct,wed,2,999,2,failure,-1.1,94.601,-49.5,1.016,4963.6,0,0.6045905404917883,1
52,technician,married,university.degree,no,no,no,cellular,nov,wed,1,999,1,failure,-1.1,94.767,-50.8,1.048,4963.6,0,0.6045734112941442,1
83,retired,divorced,basic.4y,no,yes,yes,cellular,nov,tue,1,999,0,nonexistent,-3.4,92.649,-30.1,0.716,5017.5,0,0.6041884254002601,1
38,admin.,single,university.degree,unknown,yes,no,cellular,sep,wed,1,3,1,success,-3.4,92.379,-29.8,0.768,5017.5,1,0.6041146883540208,0
29,technician,married,university.degree,no,yes,no,cellular,nov,fri,1,3,1,success,-3.4,92.649,-30.1,0.714,5017.5,1,0.6036825403998042,0
33,admin.,married,university.degree,no,no,no,cellular,nov,tue,1,999,0,nonexistent,-1.1,94.767,-50.8,1.035,4963.6,1,0.6032770336775858,1
62,services,married,high.school,no,yes,no,cellular,nov,wed,5,999,0,nonexistent,-1.1,94.767,-50.8,1.03,4963.6,0,0.6023932723655786,1
31,student,single,high.school,no,yes,no,cellular,oct,fri,3,999,0,nonexistent,-1.1,94.601,-49.5,1.029,4963.6,1,0.602350586658437,1
32,admin.,single,university.degree,no,unknown,unknown,telephone,nov,mon,3,7,1,success,-3.4,92.649,-30.1,0.722,5017.5,0,0.6022515551820664,0
42,management,single,university.degree,no,no,no,cellular,oct,mon,1,6,1,success,-3.4,92.431,-26.9,0.743,5017.5,0,0.5993896016593637,0
35,unemployed,married,professional.course,no,yes,no,cellular,dec,mon,1,6,1,success,-3.0,92.713,-33.0,0.706,5023.5,1,0.5992030280015578,0
58,unemployed,married,university.degree,no,yes,no,cellular,nov,thu,2,999,0,nonexistent,-1.1,94.767,-50.8,1.041,4963.6,1,0.5990598722297585,1
40,technician,single,university.degree,no,yes,no,cellular,nov,mon,1,7,1,success,-3.4,92.649,-30.1,0.714,5017.5,0,0.5989699059797833,0
60,retired,married,university.degree,no,yes,no,cellular,oct,mon,2,999,0,nonexistent,-1.1,94.601,-49.5,1.0,4963.6,0,0.5986348094416079,1
73,retired,married,professional.course,no,yes,no,cellular,nov,fri,1,999,0,nonexistent,-1.1,94.767,-50.8,1.028,4963.6,1,0.5982769861334785,1
50,management,married,university.degree,no,yes,no,cellular,oct,fri,2,999,0,nonexistent,-1.1,94.601,-49.5,0.942,4963.6,0,0.598207420612004,1
54,blue-collar,married,basic.9y,no,no,no,cellular,nov,wed,1,7,2,failure,-3.4,92.649,-30.1,0.719,5017.5,0,0.597826963625747,0
45,blue-collar,single,high.school,no,yes,yes,cellular,sep,wed,1,999,0,nonexistent,-1.1,94.199,-37.5,0.886,4963.6,1,0.5966113565339372,1
21,student,single,university.degree,no,yes,no,cellular,nov,fri,3,3,1,success,-3.4,92.649,-30.1,0.714,5017.5,0,0.5958337665971998,0
38,admin.,married,university.degree,no,no,no,telephone,nov,thu,1,13,1,success,-3.4,92.649,-30.1,0.714,5017.5,1,0.5944949037379111,0
27,management,single,professional.course,no,yes,no,cellular,nov,tue,1,3,1,success,-3.4,92.649,-30.1,0.716,5017.5,1,0.594382035439468,0
65,housemaid,married,basic.4y,no,unknown,unknown,cellular,oct,tue,2,999,0,nonexistent,-3.4,92.431,-26.9,0.728,5017.5,1,0.5925730362409224,1
36,admin.,single,university.degree,no,no,no,cellular,oct,thu,2,999,0,nonexistent,-1.1,94.601,-49.5,0.965,4963.6,0,0.5921130058297076,1
34,admin.,married,university.degree,no,yes,no,cellular,sep,wed,2,999,0,nonexistent,-1.1,94.199,-37.5,0.886,4963.6,0,0.5907976014642323,1
32,blue-collar,married,basic.4y,no,no,no,telephone,sep,wed,3,3,4,success,-1.1,94.199,-37.5,0.88,4963.6,1,0.5902880004648808,0
37,admin.,single,high.school,no,no,no,cellular,oct,thu,1,999,0,nonexistent,-1.1,94.601,-49.5,0.987,4963.6,0,0.5895793889837936,1
37,admin.,single,high.school,no,no,no,cellular,oct,thu,1,999,0,nonexistent,-1.1,94.601,-49.5,0.987,4963.6,1,0.5895793889837936,1
33,technician,married,professional.course,no,yes,no,cellular,sep,wed,1,999,0,nonexistent,-1.1,94.199,-37.5,0.886,4963.6,1,0.5894768507583783,1
33,management,single,university.degree,no,no,no,cellular,oct,thu,3,999,0,nonexistent,-1.1,94.601,-49.5,0.987,4963.6,0,0.58933148400925,1
20,student,single,high.school,no,no,no,cellular,nov,wed,2,3,3,success,-3.4,92.649,-30.1,0.715,5017.5,1,0.5887643739783827,0
54,services,divorced,high.school,no,yes,no,cellular,oct,wed,3,999,2,failure,-1.1,94.601,-49.5,1.016,4963.6,1,0.5878811692611665,1
31,technician,single,professional.course,no,unknown,unknown,cellular,oct,thu,2,999,0,nonexistent,-1.1,94.601,-49.5,1.025,4963.6,1,0.5873514329637319,1
37,admin.,married,high.school,no,yes,no,cellular,nov,mon,3,3,1,success,-3.4,92.649,-30.1,0.722,5017.5,0,0.5872760228608874,0
33,admin.,single,university.degree,no,yes,no,telephone,oct,thu,3,6,2,success,-3.4,92.431,-26.9,0.74,5017.5,1,0.5868387517144018,0
41,admin.,single,high.school,no,no,no,cellular,oct,thu,2,999,0,nonexistent,-1.1,94.601,-49.5,0.987,4963.6,0,0.586360151057737,1
60,admin.,married,high.school,no,no,no,cellular,oct,tue,1,999,1,failure,-1.1,94.601,-49.5,1.037,4963.6,1,0.5862859467930651,1
54,technician,married,basic.9y,no,no,no,cellular,nov,tue,3,7,2,failure,-3.4,92.649,-30.1,0.715,5017.5,1,0.5860582441094964,0
88,retired,married,basic.4y,no,yes,no,cellular,sep,mon,7,999,0,nonexistent,-1.1,94.199,-37.5,0.882,4963.6,0,0.5860032903187137,1
29,self-employed,single,university.degree,no,yes,yes,cellular,sep,wed,2,999,0,nonexistent,-1.1,94.199,-37.5,0.886,4963.6,0,0.5859849583640341,1
33,technician,single,professional.course,no,no,no,cellular,sep,wed,1,999,0,nonexistent,-1.1,94.199,-37.5,0.886,4963.6,0,0.5854890310808284,1
34,technician,married,unknown,no,no,no,cellular,nov,tue,3,999,0,nonexistent,-1.1,94.767,-50.8,1.046,4963.6,1,0.5853316078416024,1
48,technician,married,professional.course,no,yes,no,cellular,oct,thu,1,999,0,nonexistent,-1.1,94.601,-49.5,0.987,4963.6,0,0.5853124553015455,1
52,admin.,married,professional.course,no,no,no,cellular,sep,wed,2,999,0,nonexistent,-1.1,94.199,-37.5,0.876,4963.6,1,0.5836258122320633,1
28,services,married,high.school,no,yes,no,cellular,nov,wed,3,999,2,failure,-1.1,94.767,-50.8,1.048,4963.6,0,0.5819004311443047,1
25,student,single,high.school,no,no,no,cellular,oct,fri,3,999,0,nonexistent,-1.1,94.601,-49.5,1.029,4963.6,1,0.5816907890014268,1
60,retired,married,high.school,no,no,no,cellular,sep,wed,1,999,0,nonexistent,-1.1,94.199,-37.5,0.876,4963.6,1,0.5811084794007124,1
26,admin.,single,university.degree,no,no,no,cellular,nov,fri,3,999,0,nonexistent,-1.1,94.767,-50.8,1.04,4963.6,1,0.5798496726989517,1
71,retired,married,professional.course,no,yes,no,cellular,oct,mon,2,999,0,nonexistent,-1.1,94.601,-49.5,0.977,4963.6,0,0.5787906354509106,1
